case_index,q,k,d,alfa,n,theta_r,theta_s,inf_time,exf_time,toplayer_pressure
0,0.13912550196699666,0.145916667,7.0,12.4,2.28,0.057,0.41,25.0,11785.0,-0.004289816305073196
1,0.002389960385532931,0.0026,1.0,1.9,1.31,0.095,0.41,27.0,1380.0,-1.7973073268696258e-05
2,0.0020334980676413334,0.0131,9.0,5.9,1.48,0.1,0.39,890.0,21046.0,-0.06797379143840523
3,0.001104339832525048,0.0045,9.0,2.0,1.41,0.067,0.45,1651.0,28522.0,-0.0993311003296848
4,0.005627652747473813,0.0131,4.0,5.9,1.48,0.1,0.39,142.0,16752.0,-0.01865856674477803
5,0.020982841231402715,0.044208332999999995,10.0,7.5,1.89,0.065,0.41,158.0,19246.0,-0.036599591094453016
6,1.3561277695089476e-05,0.002,3.0,0.8,1.09,0.068,0.38,2972.0,4155.0,-0.7133910787240807
7,0.0020626474070233815,0.0045,10.0,2.0,1.41,0.067,0.45,1041.0,29297.0,-0.03197502099784972
8,0.0002239494507592704,0.0007,4.0,1.0,1.23,0.08900000000000001,0.43,1137.0,15089.0,-0.026808615768976498
9,9.119939500083389e-05,0.002,1.0,0.8,1.09,0.068,0.38,125.0,647.0,-0.0904287410809287
10,2e-05,0.0002,3.0,0.5,1.09,0.07,0.36,1853.0,3984.0,-0.029529425290049562
11,9.588650467752831e-05,0.044208332999999995,5.0,7.5,1.89,0.065,0.41,5160.0,15652.0,-0.37806607816835897
12,6.930852327796565e-07,0.0007,1.0,1.0,1.23,0.08900000000000001,0.43,287.0,131.0,-0.9333479084034731
13,0.004332663880731902,0.0104,6.0,3.6,1.56,0.078,0.43,336.0,22768.0,-0.04445978301720883
14,0.0018289938223077045,0.0026,7.0,1.9,1.31,0.095,0.41,503.0,21101.0,-0.001462072448075445
15,0.010918685483799666,0.0131,1.0,5.9,1.48,0.1,0.39,21.0,2735.0,-0.0010471805099187435
16,0.0014819803131889337,0.0045,3.0,2.0,1.41,0.067,0.45,298.0,12801.0,-0.06402481521256981
17,0.0010115856643265855,0.0025,3.0,1.6,1.37,0.034,0.46,392.0,14576.0,-0.04107165900136684
18,4.49144755146698e-07,0.0007,1.0,1.0,1.23,0.08900000000000001,0.43,157.0,56.0,-0.9420926625719964
19,2e-05,0.0002,1.0,0.5,1.09,0.07,0.36,278.0,1323.0,-0.029582115990351553
20,0.001924210922325414,0.0026,2.0,1.9,1.31,0.095,0.41,84.0,6211.0,-0.0009203977521955395
21,2e-05,0.0002,5.0,0.5,1.09,0.07,0.36,4433.0,4108.0,-0.029529424765759257
22,3.12103323926121e-05,0.044208332999999995,2.0,7.5,1.89,0.065,0.41,3547.0,9695.0,-0.5038176298325684
23,3.2257820105287564e-06,0.0007,1.0,1.0,1.23,0.08900000000000001,0.43,825.0,825.0,-0.8430074113561847
24,0.0005434381554409518,0.0045,7.0,2.0,1.41,0.067,0.45,2302.0,26286.0,-0.2059663528920734
25,0.00033185793332010714,0.0007,1.0,1.0,1.23,0.08900000000000001,0.43,78.0,1545.0,-0.006276674510677142
26,0.25018942194323435,0.297,1.0,14.5,2.68,0.045,0.43,10.0,4221.0,-0.015393542166194792
27,0.008804869611262377,0.145916667,1.0,12.4,2.28,0.057,0.41,42.0,4739.0,-0.09007603314871401
28,0.0028617054497806745,0.0045,4.0,2.0,1.41,0.067,0.45,228.0,18588.0,-0.010176017673182939
29,0.013343672039361681,0.145916667,3.0,12.4,2.28,0.057,0.41,70.0,8975.0,-0.07885918334150437
30,0.012329284450350635,0.0131,1.0,5.9,1.48,0.1,0.39,19.0,2735.0,-0.00011279406000455393
31,0.0009723005740210742,0.145916667,8.0,12.4,2.28,0.057,0.41,1091.0,12237.0,-0.15789945101486735
32,0.0003145067859137939,0.044208332999999995,5.0,7.5,1.89,0.065,0.41,2144.0,15726.0,-0.27427228298765655
33,0.11657200583294824,0.297,3.0,14.5,2.68,0.045,0.43,21.0,6943.0,-0.040101151899855046
34,5.887656753722867e-05,0.0002,4.0,0.5,1.09,0.07,0.36,1030.0,4105.0,-0.0003364145616654817
35,0.010126971285796841,0.145916667,8.0,12.4,2.28,0.057,0.41,195.0,12243.0,-0.08627305988417797
36,0.004403424369994444,0.145916667,4.0,12.4,2.28,0.057,0.41,187.0,9920.0,-0.10955527013914522
37,0.005888923161719941,0.145916667,8.0,12.4,2.28,0.057,0.41,290.0,12243.0,-0.10123365041234349
38,2.1039774959810996e-08,0.0002,1.0,0.5,1.09,0.07,0.36,1.0,1.0,-0.9500000000000003
39,0.0002,0.002,8.0,0.8,1.09,0.068,0.38,1331.0,7413.0,-0.018455890478599316
40,2e-05,0.0002,2.0,0.5,1.09,0.07,0.36,913.0,3251.0,-0.02952976143331424
41,0.003500067141326274,0.044208332999999995,2.0,7.5,1.89,0.065,0.41,138.0,9984.0,-0.12374725546895467
42,0.0009756614531185283,0.0025,8.0,1.6,1.37,0.034,0.46,1581.0,31038.0,-0.044712709701386605
43,0.000202925105663436,0.0025,1.0,1.6,1.37,0.034,0.46,415.0,1356.0,-0.2987400708379343
44,2.4616582744847065e-08,0.0002,1.0,0.5,1.09,0.07,0.36,1.0,1.0,-0.9500000000000003
45,0.0008610248546578584,0.0104,10.0,3.6,1.56,0.078,0.43,2511.0,26420.0,-0.19767182045524354
46,0.14163840937447436,0.297,4.0,14.5,2.68,0.045,0.43,22.0,7654.0,-0.0351332739606491
47,0.0032909285743280376,0.0131,6.0,5.9,1.48,0.1,0.39,365.0,19159.0,-0.042286693842568404
48,0.0006754916047871878,0.0131,9.0,5.9,1.48,0.1,0.39,2278.0,21039.0,-0.14124397594905166
49,0.0283449063742091,0.044208332999999995,10.0,7.5,1.89,0.065,0.41,122.0,19247.0,-0.021761736772657563
50,0.0015263454375663908,0.0026,10.0,1.9,1.31,0.095,0.41,959.0,22680.0,-0.004846353283579712
51,0.001757643583605335,0.145916667,5.0,12.4,2.28,0.057,0.41,444.0,10653.0,-0.13776253338344188
52,0.002217687390729279,0.0045,10.0,2.0,1.41,0.067,0.45,970.0,29297.0,-0.02621152843632625
53,0.00028217841508157833,0.0104,6.0,3.6,1.56,0.078,0.43,3459.0,22719.0,-0.3409017228857998
54,0.0013974166142759362,0.0045,8.0,2.0,1.41,0.067,0.45,1144.0,27553.0,-0.07060664423201177
55,0.0015838534334347957,0.0025,6.0,1.6,1.37,0.034,0.46,670.0,27891.0,-0.008517393749563128
56,0.005242834356433559,0.145916667,4.0,12.4,2.28,0.057,0.41,166.0,9921.0,-0.10453136502995473
57,0.0006958615842439764,0.0026,5.0,1.9,1.31,0.095,0.41,816.0,18582.0,-0.05152528120749123
58,0.00037570737649641925,0.297,10.0,14.5,2.68,0.045,0.43,2084.0,10139.0,-0.16938383375012436
59,0.1987138094535514,0.297,3.0,14.5,2.68,0.045,0.43,16.0,6943.0,-0.02492605765379146
60,0.0018981672096714955,0.0026,7.0,1.9,1.31,0.095,0.41,485.0,21101.0,-0.001050403528910405
61,0.018456444094674427,0.044208332999999995,4.0,7.5,1.89,0.065,0.41,74.0,14549.0,-0.04281550234479573
62,0.005939406167498308,0.0104,7.0,3.6,1.56,0.078,0.43,298.0,23990.0,-0.022485152387161964
63,0.0002629436722443204,0.0045,5.0,2.0,1.41,0.067,0.45,2804.0,22191.0,-0.34464028570884
64,0.00016360211253891885,0.0007,1.0,1.0,1.23,0.08900000000000001,0.43,187.0,1543.0,-0.057504815541834495
65,0.0004540343569340168,0.0025,2.0,1.6,1.37,0.034,0.46,531.0,6786.0,-0.1507507567960207
66,0.0002499194547338895,0.0007,10.0,1.0,1.23,0.08900000000000001,0.43,3990.0,19062.0,-0.019196242769508605
67,0.0024702995392154427,0.044208332999999995,6.0,7.5,1.89,0.065,0.41,540.0,16698.0,-0.14210682498177665
68,0.0002734750547153258,0.0104,6.0,3.6,1.56,0.078,0.43,3545.0,22717.0,-0.34548652691775955
69,0.006102863350163589,0.145916667,5.0,12.4,2.28,0.057,0.41,183.0,10655.0,-0.10022828572604008
70,0.0013605964992863756,0.0025,1.0,1.6,1.37,0.034,0.46,57.0,1387.0,-0.01680991628893925
71,0.001606118145937364,0.0025,9.0,1.6,1.37,0.034,0.46,1140.0,32023.0,-0.007902444005430446
72,0.03297497833897673,0.145916667,3.0,12.4,2.28,0.057,0.41,40.0,8976.0,-0.054683761096495455
73,0.006461985028178295,0.0131,6.0,5.9,1.48,0.1,0.39,196.0,19160.0,-0.01366413072771439
74,0.0005866978787801355,0.0026,5.0,1.9,1.31,0.095,0.41,965.0,18581.0,-0.06848398366205342
75,0.0002,0.002,5.0,0.8,1.09,0.068,0.38,647.0,6755.0,-0.01845589047859932
76,0.034756029236640555,0.044208332999999995,1.0,7.5,1.89,0.065,0.41,16.0,3223.0,-0.01148779297776817
77,0.0002460419832033793,0.0007,8.0,1.0,1.23,0.08900000000000001,0.43,2944.0,18930.0,-0.020186042244479094
78,0.00944234882513326,0.0131,5.0,5.9,1.48,0.1,0.39,113.0,18162.0,-0.003298922191062785
79,0.003146602484032759,0.044208332999999995,7.0,7.5,1.89,0.065,0.41,524.0,17477.0,-0.12927189688619617
80,0.00952876862144871,0.0131,4.0,5.9,1.48,0.1,0.39,87.0,16752.0,-0.003124896237039582
81,0.13574208086655898,0.145916667,2.0,12.4,2.28,0.057,0.41,13.0,7588.0,-0.005902466550343267
82,0.0008055063726087008,0.0026,1.0,1.9,1.31,0.095,0.41,76.0,1379.0,-0.03881854089152568
83,0.0007070851850990617,0.0025,2.0,1.6,1.37,0.034,0.46,329.0,6793.0,-0.0829693248811647
84,0.0002,0.002,10.0,0.8,1.09,0.068,0.38,1855.0,7427.0,-0.01845589047859934
85,0.027055904425360888,0.145916667,1.0,12.4,2.28,0.057,0.41,24.0,4740.0,-0.060030993792629495
86,0.00427131913997922,0.0131,8.0,5.9,1.48,0.1,0.39,398.0,20537.0,-0.03005634101320805
87,0.008701378535182491,0.0131,10.0,5.9,1.48,0.1,0.39,260.0,21482.0,-0.005037906502449962
88,0.0021005584077705484,0.0025,3.0,1.6,1.37,0.034,0.46,188.0,14577.0,-0.0007577673783895802
89,0.06406128344599495,0.145916667,6.0,12.4,2.28,0.057,0.41,42.0,11264.0,-0.035604842992968996
90,0.07432835903155019,0.297,2.0,14.5,2.68,0.045,0.43,22.0,5964.0,-0.05034021499942026
91,0.0005190991314420744,0.0012,2.0,2.7,1.23,0.1,0.38,244.0,10910.0,-0.0035063575093942766
92,0.0035333445352097007,0.0045,10.0,2.0,1.41,0.067,0.45,613.0,29297.0,-0.0024978527835823037
93,0.012493577477419854,0.0131,1.0,5.9,1.48,0.1,0.39,19.0,2735.0,-6.798824110537251e-05
94,0.004304314030613718,0.0104,10.0,3.6,1.56,0.078,0.43,608.0,26431.0,-0.044956130111315544
95,0.003986538720781912,0.0104,10.0,3.6,1.56,0.078,0.43,653.0,26430.0,-0.05085331121710009
96,0.03206291369539733,0.145916667,7.0,12.4,2.28,0.057,0.41,76.0,11785.0,-0.055447074775517115
97,0.009364175285856067,0.0104,7.0,3.6,1.56,0.078,0.43,192.0,23990.5,-0.0013712871113192827
98,0.004063929697261678,0.044208332999999995,4.0,7.5,1.89,0.065,0.41,243.0,14547.0,-0.11610904780459007
99,0.26960592654443133,0.297,2.0,14.5,2.68,0.045,0.43,11.0,5964.0,-0.01108050245415438
100,0.02962364952045534,0.044208332999999995,8.0,7.5,1.89,0.065,0.41,94.0,18145.0,-0.01954969866204961
101,0.0002,0.002,5.0,0.8,1.09,0.068,0.38,647.0,6755.0,-0.01845589047859932
102,7.6477189769132e-05,0.0131,4.0,5.9,1.48,0.1,0.39,5002.0,16616.0,-0.36730252949249553
103,0.10500525296239857,0.297,5.0,14.5,2.68,0.045,0.43,28.0,8223.0,-0.0426039644742166
104,0.0001287603323731621,0.0131,3.0,5.9,1.48,0.1,0.39,2385.0,14453.0,-0.3003045309325447
105,0.09210514996390025,0.297,9.0,14.5,2.68,0.045,0.43,45.0,9841.0,-0.04562270252137515
106,0.1433537839619911,0.145916667,7.0,12.4,2.28,0.057,0.41,24.0,11785.0,-0.001997033746826364
107,5.4697266632469326e-05,0.0002,5.0,0.5,1.09,0.07,0.36,1620.0,4111.0,-0.000536366487670513
108,0.0006581762924787815,0.0025,4.0,1.6,1.37,0.034,0.46,915.0,21099.0,-0.09281520910460403
109,0.01003895537689536,0.0131,6.0,5.9,1.48,0.1,0.39,130.0,19159.5,-0.0022101389804201647
110,0.00019088998895600337,0.297,4.0,14.5,2.68,0.045,0.43,1373.0,7630.0,-0.19026140673212757
111,0.001969124947061438,0.0026,7.0,1.9,1.31,0.095,0.41,467.0,21101.0,-0.0007246595117933214
112,0.0003753218155853255,0.0025,3.0,1.6,1.37,0.034,0.46,1082.0,14561.0,-0.18471948484594028
113,0.0003624445634866195,0.0007,1.0,1.0,1.23,0.08900000000000001,0.43,71.0,1545.0,-0.0039755027615132384
114,0.18462386180169832,0.297,8.0,14.5,2.68,0.045,0.43,26.0,9502.0,-0.027392209218042488
115,0.0054359814466770915,0.145916667,9.0,12.4,2.28,0.057,0.41,344.0,12654.0,-0.10350076987067319
116,0.1423342074840902,0.297,10.0,14.5,2.68,0.045,0.43,36.0,10152.0,-0.03500200725501779
117,0.0036986120930648405,0.044208332999999995,5.0,7.5,1.89,0.065,0.41,327.0,15755.0,-0.12091092374708158
118,0.00029812305681272186,0.0007,2.0,1.0,1.23,0.08900000000000001,0.43,275.0,6240.0,-0.010098338938406727
119,0.005684885367779759,0.145916667,8.0,12.4,2.28,0.057,0.41,298.0,12243.0,-0.10223040041432956
120,0.00012,0.0012,2.0,2.7,1.23,0.1,0.38,1052.0,10899.0,-0.07832835101717454
121,0.001824000550199106,0.0025,1.0,1.6,1.37,0.034,0.46,42.0,1387.0,-0.003434928264472809
122,0.16386545190695173,0.297,2.0,14.5,2.68,0.045,0.43,15.0,5964.0,-0.031058051292451715
123,0.0002,0.002,3.0,0.8,1.09,0.068,0.38,287.0,4505.0,-0.018455890478611618
124,0.15392902305429626,0.297,8.0,14.5,2.68,0.045,0.43,30.0,9502.0,-0.03285293973457267
125,0.00042515720663463996,0.0007,1.0,1.0,1.23,0.08900000000000001,0.43,61.0,1545.0,-0.0014017024686301934
126,0.00012,0.0012,3.0,2.7,1.23,0.1,0.38,1843.0,14376.0,-0.07832792387089625
127,0.0010901407762358732,0.0025,1.0,1.6,1.37,0.034,0.46,76.0,1387.0,-0.033968742610437766
128,0.07733817179224091,0.145916667,10.0,12.4,2.28,0.057,0.41,54.0,13031.0,-0.02955128299886253
129,0.002869307180070913,0.0045,4.0,2.0,1.41,0.067,0.45,227.0,18588.0,-0.01004660816086805
130,0.00023953748408944811,0.0012,3.0,2.7,1.23,0.1,0.38,944.0,14386.0,-0.029028383544475213
131,0.2584741637334262,0.297,8.0,14.5,2.68,0.045,0.43,21.0,9502.0,-0.013645683792727565
132,0.00186812788748125,0.0026,6.0,1.9,1.31,0.095,0.41,401.0,20090.0,-0.0012167674238124533
133,0.0004252171017199749,0.0012,2.0,2.7,1.23,0.1,0.38,297.0,10910.0,-0.007284946876951781
134,0.00012,0.0012,7.0,2.7,1.23,0.1,0.38,5797.0,16867.0,-0.07832792161206144
135,0.0017394966605054443,0.0026,5.0,1.9,1.31,0.095,0.41,335.0,18583.0,-0.0021615127728703766
136,0.00038493214926395964,0.044208332999999995,3.0,7.5,1.89,0.065,0.41,1057.0,12823.0,-0.25899921179552704
137,0.00017392763035546405,0.002,6.0,0.8,1.09,0.068,0.38,986.0,7159.0,-0.02606423837430495
138,0.14163074604506545,0.145916667,6.0,12.4,2.28,0.057,0.41,22.0,11264.0,-0.002987896298256076
139,0.014489992453237791,0.044208332999999995,9.0,7.5,1.89,0.065,0.41,196.0,18727.0,-0.05441705668671733
140,0.0003960368303493775,0.0104,2.0,3.6,1.56,0.078,0.43,738.0,8306.0,-0.29342166837538364
141,0.0023960845527347028,0.0026,2.0,1.9,1.31,0.095,0.41,69.0,6211.0,-1.6303831817174537e-05
142,0.000181559165624419,0.002,3.0,0.8,1.09,0.068,0.38,316.0,4505.0,-0.023522262216737318
143,8.63923800182633e-05,0.0007,2.0,1.0,1.23,0.08900000000000001,0.43,1073.0,6215.0,-0.16374290426469298
144,0.0034519558969453978,0.0045,4.0,2.0,1.41,0.067,0.45,190.0,18588.0,-0.0030829177934728474
145,0.0013048376135918753,0.0131,4.0,5.9,1.48,0.1,0.39,520.0,16749.0,-0.09497573357703944
146,0.0074119210513384805,0.0131,4.0,5.9,1.48,0.1,0.39,110.0,16752.0,-0.009286034712323681
147,0.0012576841981439947,0.0131,2.0,5.9,1.48,0.1,0.39,244.0,10178.0,-0.09736078793971026
148,0.000107695955263704,0.002,1.0,0.8,1.09,0.068,0.38,103.0,649.0,-0.06874720424763157
149,1.6265589338560342e-06,0.002,1.0,0.8,1.09,0.068,0.38,263.0,219.0,-0.885559327178227
150,0.0024461920620255455,0.044208332999999995,9.0,7.5,1.89,0.065,0.41,828.0,18723.0,-0.14263567347962097
151,0.009918874599045155,0.0131,3.0,5.9,1.48,0.1,0.39,62.0,14526.0,-0.0024086096221886013
152,7e-05,0.0007,5.0,1.0,1.23,0.08900000000000001,0.43,4993.0,16985.0,-0.21148611336054962
153,0.0013842396390473177,0.145916667,1.0,12.4,2.28,0.057,0.41,121.0,4735.0,-0.14567618481816308
154,0.0002,0.002,7.0,0.8,1.09,0.068,0.38,1087.0,7345.0,-0.018455890478599333
155,1.7582470564503e-06,0.0002,1.0,0.5,1.09,0.07,0.36,855.0,746.0,-0.6340250043881355
156,4.892299963209217e-07,0.0002,1.0,0.5,1.09,0.07,0.36,265.0,91.0,-0.891632746474258
157,4.572933632421455e-05,0.0002,8.0,0.5,1.09,0.07,0.36,4180.0,4100.0,-0.0014540489800175934
158,0.1415839841106243,0.297,3.0,14.5,2.68,0.045,0.43,19.0,6943.0,-0.03514355384946863
159,0.00028388004540960064,0.0012,8.0,2.7,1.23,0.1,0.38,3021.0,16893.0,-0.020808827500404907
160,0.24473999499292248,0.297,5.0,14.5,2.68,0.045,0.43,17.0,8223.0,-0.01649201899684876
161,0.003994334406692724,0.0131,9.0,5.9,1.48,0.1,0.39,483.0,21047.0,-0.033076944965010034
162,0.036631685586895245,0.044208332999999995,3.0,7.5,1.89,0.065,0.41,33.0,12849.0,-0.008836828720851227
163,0.0017513418902933198,0.0025,1.0,1.6,1.37,0.034,0.46,44.0,1387.0,-0.004641802704574192
164,0.00045,0.0045,5.0,2.0,1.41,0.067,0.45,1776.0,22220.0,-0.23909288931112238
165,0.000923007224308058,0.0026,5.0,1.9,1.31,0.095,0.41,621.0,18583.0,-0.0286214068626307
166,0.014981572291152144,0.044208332999999995,6.0,7.5,1.89,0.065,0.41,128.0,16701.0,-0.052824008235841186
167,0.05998615908356023,0.297,2.0,14.5,2.68,0.045,0.43,24.0,5964.0,-0.054858747259929404
168,0.00022877976414926708,0.0012,6.0,2.7,1.23,0.1,0.38,2555.0,16777.0,-0.03151601797274199
169,0.0034162747287381605,0.0045,4.0,2.0,1.41,0.067,0.45,192.0,18588.0,-0.0033650040355926235
170,0.00012,0.0012,4.0,2.7,1.23,0.1,0.38,2737.0,15825.0,-0.07832792161842718
171,0.025486578565813895,0.297,7.0,14.5,2.68,0.045,0.43,83.0,9126.0,-0.07195961389927223
172,0.0002864878607730394,0.0012,5.0,2.7,1.23,0.1,0.38,1605.0,16494.0,-0.020409670810200328
173,0.0015382528832280325,0.0131,3.0,5.9,1.48,0.1,0.39,325.0,14523.0,-0.08458684016080184
174,0.00033359587262327074,0.0026,5.0,1.9,1.31,0.095,0.41,1655.0,18574.0,-0.14004712597070657
175,0.0002571057636670032,0.0026,5.0,1.9,1.31,0.095,0.41,2100.0,18566.0,-0.18067069579173523
176,0.001306851129841795,0.0045,7.0,2.0,1.41,0.067,0.45,1028.0,26298.0,-0.07840828734558257
177,0.0012757262082465973,0.0026,6.0,1.9,1.31,0.095,0.41,583.0,20089.0,-0.01079364684211821
178,0.0002,0.002,5.0,0.8,1.09,0.068,0.38,647.0,6755.0,-0.01845589047859932
179,0.25065741782202144,0.297,1.0,14.5,2.68,0.045,0.43,10.0,4221.0,-0.015297506614784465
180,0.00011226584720281224,0.0007,1.0,1.0,1.23,0.08900000000000001,0.43,292.0,1536.0,-0.11177227565725857
181,0.002007032559987412,0.0026,5.0,1.9,1.31,0.095,0.41,291.0,18583.0,-0.0005849145595533207
182,0.01118751529762188,0.0131,2.0,5.9,1.48,0.1,0.39,37.0,10181.0,-0.0007866788470699084
183,0.0002497171109671994,0.0025,4.0,1.6,1.37,0.034,0.46,2287.0,21065.0,-0.26658554135788104
184,0.24694032635813806,0.297,9.0,14.5,2.68,0.045,0.43,22.0,9841.0,-0.01605299696418001
185,0.0034836242469774865,0.0104,2.0,3.6,1.56,0.078,0.43,115.0,8336.0,-0.06163040957824167
186,0.008434924432201438,0.0131,5.0,5.9,1.48,0.1,0.39,125.0,18162.0,-0.005779439793807813
187,0.0005268463407832744,0.0026,9.0,1.9,1.31,0.095,0.41,2335.0,22308.0,-0.08032839123108966
188,0.00030134938582007626,0.0007,1.0,1.0,1.23,0.08900000000000001,0.43,86.0,1545.0,-0.009659741172369797
189,0.26340135930373587,0.297,7.0,14.5,2.68,0.045,0.43,18.0,9127.0,-0.012547194036888004
190,0.00024047091150011872,0.0026,3.0,1.9,1.31,0.095,0.41,1136.0,12075.0,-0.19186934934229943
191,7e-05,0.0007,1.0,1.0,1.23,0.08900000000000001,0.43,458.0,1519.0,-0.20335118651955641
192,0.004230893605031187,0.0104,10.0,3.6,1.56,0.078,0.43,618.0,26431.0,-0.04626337505636515
193,0.0031610764240083133,0.0045,7.0,2.0,1.41,0.067,0.45,434.0,26300.0,-0.005887573205573778
194,0.00243307730798142,0.0026,2.0,1.9,1.31,0.095,0.41,68.0,6211.0,-8.444798638585824e-06
195,6.216073104819808e-05,0.0012,2.0,2.7,1.23,0.1,0.38,1931.0,10865.0,-0.14905908319677358
196,0.0011126404688238053,0.0045,8.0,2.0,1.41,0.067,0.45,1413.0,27552.0,-0.09836195708146822
197,0.010766533111952265,0.0131,4.0,5.9,1.48,0.1,0.39,78.0,16751.5,-0.0012134695135664181
198,0.0002,0.002,7.0,0.8,1.09,0.068,0.38,1087.0,7345.0,-0.018455890478599333
199,0.2688842128098567,0.297,7.0,14.5,2.68,0.045,0.43,18.0,9127.0,-0.011256774355107383
200,0.006141008004614633,0.0104,3.0,3.6,1.56,0.078,0.43,107.0,15108.0,-0.02041724566715925
201,0.0004912172599399843,0.0007,3.0,1.0,1.23,0.08900000000000001,0.43,326.0,11519.0,-0.0003686484615055789
202,0.0017796012642674799,0.0045,9.0,2.0,1.41,0.067,0.45,1053.0,28524.0,-0.04517845726303289
203,0.003788287624450078,0.044208332999999995,4.0,7.5,1.89,0.065,0.41,256.0,14547.0,-0.11968492749905871
204,0.14726037928563646,0.297,1.0,14.5,2.68,0.045,0.43,14.0,4221.0,-0.03408053405134703
205,8.203478511294562e-05,0.0007,5.0,1.0,1.23,0.08900000000000001,0.43,4309.0,17001.0,-0.17486736547949838
206,0.008570005295389736,0.0131,10.0,5.9,1.48,0.1,0.39,264.0,21482.0,-0.005395371769413593
207,0.00014372244962335205,0.0007,2.0,1.0,1.23,0.08900000000000001,0.43,617.0,6234.0,-0.07441537139978277
208,0.007320819538394068,0.0131,6.0,5.9,1.48,0.1,0.39,174.0,19160.0,-0.009654675887278247
209,0.04938348409790911,0.145916667,4.0,12.4,2.28,0.057,0.41,38.0,9923.0,-0.04338400554707096
210,0.0011924943554191601,0.002,2.0,0.8,1.09,0.068,0.38,32.0,2468.0,-9.10425236563434e-08
211,0.0006206426228184009,0.0045,1.0,2.0,1.41,0.067,0.45,179.0,1130.0,-0.18140451676631017
212,0.13628585289798992,0.297,4.0,14.5,2.68,0.045,0.43,22.0,7653.0,-0.03615320044863989
213,0.00018764139935688545,0.0026,5.0,1.9,1.31,0.095,0.41,2777.0,18552.0,-0.2361516639837002
214,0.017856519967101716,0.044208332999999995,4.0,7.5,1.89,0.065,0.41,76.0,14549.0,-0.04440802343277717
215,0.0001950714639780265,0.145916667,10.0,12.4,2.28,0.057,0.41,4443.0,12999.0,-0.22302148298766034
216,0.0015246147685220879,0.0025,10.0,1.6,1.37,0.034,0.46,1378.0,32774.0,-0.010323226797990512
217,0.00810009060625249,0.0104,1.0,3.6,1.56,0.078,0.43,24.0,1640.0,-0.006056758034086522
218,9.149068037350974e-05,0.002,8.0,0.8,1.09,0.068,0.38,2867.0,7409.0,-0.09042487817123321
219,0.007387009705836227,0.044208332999999995,8.0,7.5,1.89,0.065,0.41,303.0,18144.0,-0.08660884602265795
220,0.0008363052208963475,0.0104,3.0,3.6,1.56,0.078,0.43,641.0,15096.0,-0.20097310457739273
221,7.042046945618867e-05,0.0131,3.0,5.9,1.48,0.1,0.39,3706.0,14378.0,-0.3788594346041379
222,0.00020778940370766858,0.297,1.0,14.5,2.68,0.045,0.43,336.0,4200.0,-0.18753187902922208
223,0.008879318021855742,0.0104,8.0,3.6,1.56,0.078,0.43,236.0,24957.0,-0.0027841502235499234
224,9.354350562388768e-05,0.044208332999999995,5.0,7.5,1.89,0.065,0.41,5254.0,15649.0,-0.38051696475306
225,0.03784742131966089,0.044208332999999995,2.0,7.5,1.89,0.065,0.41,23.0,9987.0,-0.007199394515634773
226,0.007048779721266715,0.0131,7.0,5.9,1.48,0.1,0.39,214.0,19925.0,-0.010816801162199439
227,0.005307329401603204,0.0104,1.0,3.6,1.56,0.078,0.43,36.0,1640.0,-0.02985340525229313
228,0.0007855123112007093,0.0026,5.0,1.9,1.31,0.095,0.41,724.0,18583.0,-0.04088938753450749
229,0.027145812532801405,0.297,8.0,14.5,2.68,0.045,0.43,89.0,9501.0,-0.07072166861632664
230,0.00018106090274608056,0.0012,7.0,2.7,1.23,0.1,0.38,3929.0,16875.0,-0.045926196593788125
231,0.0016203411512850186,0.0025,1.0,1.6,1.37,0.034,0.46,47.0,1387.0,-0.0075267991467001735
232,0.004850436165327758,0.0131,1.0,5.9,1.48,0.1,0.39,37.0,2734.0,-0.024584896160972394
233,0.005528108122092626,0.044208332999999995,6.0,7.5,1.89,0.065,0.41,286.0,16700.0,-0.10073716319717678
234,0.0367253709671007,0.044208332999999995,1.0,7.5,1.89,0.065,0.41,16.0,3223.0,-0.008708132275222944
235,0.002766907183479401,0.0045,2.0,2.0,1.41,0.067,0.45,90.0,5852.0,-0.011889569204195517
236,0.008907572765374513,0.297,9.0,14.5,2.68,0.045,0.43,207.0,9840.0,-0.09285363536422776
237,0.00016267737313479952,0.0131,7.0,5.9,1.48,0.1,0.39,5535.0,19868.0,-0.2732909156605567
238,0.00012120691128255372,0.0026,6.0,1.9,1.31,0.095,0.41,5135.0,20019.0,-0.32509407767881665
239,0.022179011460181836,0.044208332999999995,4.0,7.5,1.89,0.065,0.41,63.0,14550.0,-0.033894527921741455
240,0.0030574573899883285,0.0045,4.0,2.0,1.41,0.067,0.45,214.0,18588.0,-0.007193578763011336
241,0.00018691546485375484,0.002,5.0,0.8,1.09,0.068,0.38,692.0,6755.0,-0.021905601750602972
242,0.0018473580829303574,0.0026,6.0,1.9,1.31,0.095,0.41,405.0,20090.0,-0.0013427623385898863
243,0.0002251934970815003,0.0026,4.0,1.9,1.31,0.095,0.41,1759.0,16173.0,-0.2031616061710286
244,0.0012644631964943045,0.0026,1.0,1.9,1.31,0.095,0.41,47.0,1380.0,-0.01115940704309761
245,0.00025,0.0025,2.0,1.6,1.37,0.034,0.46,940.0,6761.0,-0.26617945590223613
246,5.645557153547553e-05,0.0002,6.0,0.5,1.09,0.07,0.36,2123.0,4107.0,-0.00044091463232386714
247,0.0006265770172923736,0.002,2.0,0.8,1.09,0.068,0.38,54.0,2468.0,-0.00013751059598786087
248,0.0038946701306744095,0.0045,2.0,2.0,1.41,0.067,0.45,66.0,5852.0,-0.0007538996201139882
249,0.007050374009169868,0.0104,9.0,3.6,1.56,0.078,0.43,337.0,25754.0,-0.01255583545513997
250,7e-05,0.0007,1.0,1.0,1.23,0.08900000000000001,0.43,458.0,1519.0,-0.20335118651955641
251,2.2771184830882678e-05,0.044208332999999995,1.0,7.5,1.89,0.065,0.41,1396.0,2943.0,-0.5340647069297368
252,0.0002,0.002,5.0,0.8,1.09,0.068,0.38,647.0,6755.0,-0.01845589047859932
253,0.0009918181584440862,0.0026,4.0,1.9,1.31,0.095,0.41,425.0,16195.0,-0.023868102955395473
254,0.006838039118596679,0.0131,9.0,5.9,1.48,0.1,0.39,292.0,21047.0,-0.011783458482748772
255,0.011937385487282492,0.0131,2.0,5.9,1.48,0.1,0.39,36.0,10181.0,-0.0002700010696303573
256,0.00022860732589040505,0.0025,5.0,1.6,1.37,0.034,0.46,3309.0,25203.0,-0.28597839715757856
257,0.12831133836157269,0.297,8.0,14.5,2.68,0.045,0.43,34.0,9502.0,-0.03771008248906014
258,0.0010028199264841995,0.0045,4.0,2.0,1.41,0.067,0.45,639.0,18585.0,-0.1121207556951837
259,0.000952679042574277,0.0131,6.0,5.9,1.48,0.1,0.39,1084.0,19155.0,-0.11610707877376007
260,0.003243872665644632,0.0045,4.0,2.0,1.41,0.067,0.45,201.0,18588.0,-0.00496639152306455
261,0.0007795716784046054,0.0045,1.0,2.0,1.41,0.067,0.45,145.0,1132.0,-0.14676610356909717
262,0.00270767391498711,0.0131,10.0,5.9,1.48,0.1,0.39,774.0,21482.0,-0.052233868919560375
263,0.005947999002903938,0.145916667,2.0,12.4,2.28,0.057,0.41,85.0,7585.0,-0.10095209750276217
264,0.00033562841206432876,0.0007,7.0,1.0,1.23,0.08900000000000001,0.43,1774.0,18656.0,-0.0059416568021870364
265,0.04017803605090685,0.145916667,5.0,12.4,2.28,0.057,0.41,50.0,10657.0,-0.049240065001343127
266,0.001098878337059079,0.0026,2.0,1.9,1.31,0.095,0.41,142.0,6210.0,-0.017870965940658574
267,0.00012,0.0012,7.0,2.7,1.23,0.1,0.38,5797.0,16867.0,-0.07832792161206144
268,0.04231846020458501,0.145916667,7.0,12.4,2.28,0.057,0.41,63.0,11785.0,-0.04778613335051544
269,0.0014752229830976731,0.0045,7.0,2.0,1.41,0.067,0.45,916.0,26299.0,-0.06452787653241905
270,0.010360713876091372,0.044208332999999995,7.0,7.5,1.89,0.065,0.41,201.0,17479.0,-0.07039661709783401
271,0.00024114665422338906,0.0007,5.0,1.0,1.23,0.08900000000000001,0.43,1490.0,17032.0,-0.02150402499815491
272,0.001089995795975469,0.0045,2.0,2.0,1.41,0.067,0.45,242.0,5849.0,-0.101030621076096
273,0.0002,0.002,3.0,0.8,1.09,0.068,0.38,287.0,4505.0,-0.018455890478611618
274,0.0002704453241264189,0.0007,1.0,1.0,1.23,0.08900000000000001,0.43,98.0,1545.0,-0.014665420498573762
275,0.007061223635740152,0.0104,1.0,3.6,1.56,0.078,0.43,28.0,1640.0,-0.012474942628557443
276,0.0022860896102414106,0.044208332999999995,8.0,7.5,1.89,0.065,0.41,773.0,18141.0,-0.14630546142338471
277,3.415225543969446e-05,0.0002,3.0,0.5,1.09,0.07,0.36,1078.0,3986.0,-0.0053572808704903906
278,0.02407315974104227,0.044208332999999995,4.0,7.5,1.89,0.065,0.41,59.0,14550.0,-0.029872133311473374
279,0.003434299557673768,0.0045,6.0,2.0,1.41,0.067,0.45,328.0,24617.0,-0.003220499553331211
280,0.0028238296469935945,0.044208332999999995,4.0,7.5,1.89,0.065,0.41,321.0,14546.0,-0.1349628153421616
281,0.002177684996916069,0.0104,4.0,3.6,1.56,0.078,0.43,394.0,18851.0,-0.10262370862708758
282,0.007783386843085146,0.044208332999999995,9.0,7.5,1.89,0.065,0.41,327.0,18726.0,-0.08408888050480941
283,0.2758049042737052,0.297,2.0,14.5,2.68,0.045,0.43,10.0,5964.0,-0.009488720511296508
284,0.00035290179253819347,0.044208332999999995,4.0,7.5,1.89,0.065,0.41,1540.0,14521.0,-0.2654910381236121
285,0.00061230983073561,0.145916667,8.0,12.4,2.28,0.057,0.41,1535.0,12233.0,-0.1749314497310576
286,0.0005069654900976623,0.0012,1.0,2.7,1.23,0.1,0.38,90.0,3788.0,-0.003864848869006545
287,0.00017569371632458346,0.044208332999999995,6.0,7.5,1.89,0.065,0.41,4060.0,16643.0,-0.32193942944039833
288,0.015404237779098365,0.044208332999999995,6.0,7.5,1.89,0.065,0.41,125.0,16701.0,-0.0514942698381268
289,0.041510834067445115,0.145916667,10.0,12.4,2.28,0.057,0.41,85.0,13030.0,-0.048327256996988595
290,7.166606426029443e-05,0.0002,1.0,0.5,1.09,0.07,0.36,75.0,1326.0,-7.875063702994232e-05
291,0.0020287992768861078,0.0045,10.0,2.0,1.41,0.067,0.45,1058.0,29297.0,-0.03335948890580194
292,0.0017605361044288755,0.0104,7.0,3.6,1.56,0.078,0.43,911.0,23987.0,-0.12275709389656012
293,0.01870646972679834,0.044208332999999995,3.0,7.5,1.89,0.065,0.41,56.0,12849.0,-0.04216610898409811
294,0.0034453150096527764,0.0131,5.0,5.9,1.48,0.1,0.39,285.0,18161.0,-0.040044778597632016
295,0.002735947197992854,0.044208332999999995,4.0,7.5,1.89,0.065,0.41,329.0,14546.0,-0.13664012777936999
296,0.10970791148682787,0.145916667,9.0,12.4,2.28,0.057,0.41,38.0,12656.0,-0.016539632772125955
297,0.001766363809469346,0.0026,7.0,1.9,1.31,0.095,0.41,521.0,21101.0,-0.0019296210423906926
298,0.0021699142409810487,0.0045,7.0,2.0,1.41,0.067,0.45,629.0,26300.0,-0.027891020972655486
299,0.0004574467972639253,0.0012,8.0,2.7,1.23,0.1,0.38,1876.0,16894.0,-0.005696770424648872
300,0.004669647356202011,0.0104,8.0,3.6,1.56,0.078,0.43,437.0,24956.0,-0.038896909932704705
301,9.945695914642089e-05,0.145916667,4.0,12.4,2.28,0.057,0.41,2798.0,9868.0,-0.2560931257131889
302,0.002259369187558952,0.044208332999999995,3.0,7.5,1.89,0.065,0.41,284.0,12845.0,-0.14694639937890663
303,0.00062822477056467,0.0025,10.0,1.6,1.37,0.034,0.46,3253.0,32770.0,-0.09945462639394215
304,1.2133460592998133e-05,0.0007,1.0,1.0,1.23,0.08900000000000001,0.43,971.0,1265.0,-0.6291598599183758
305,0.0013466732971068743,0.0026,7.0,1.9,1.31,0.095,0.41,679.0,21101.0,-0.008709496246066697
306,0.026281999768731943,0.297,3.0,14.5,2.68,0.045,0.43,45.0,6942.0,-0.07135649245003951
307,0.00944289655117106,0.297,7.0,14.5,2.68,0.045,0.43,160.0,9126.0,-0.09166590338143747
308,1.3290716265502928e-05,0.0002,4.0,0.5,1.09,0.07,0.36,4557.0,4090.0,-0.07454425131546416
309,1.0909386310526377e-05,0.002,1.0,0.8,1.09,0.068,0.38,413.0,536.0,-0.5897181075979442
310,0.0021212635269504637,0.0025,2.0,1.6,1.37,0.034,0.46,102.0,6797.0,-0.0006520924113232466
311,0.0037480035880291724,0.0045,5.0,2.0,1.41,0.067,0.45,237.0,22240.0,-0.0013086962975652067
312,0.0007635878814438669,0.0025,4.0,1.6,1.37,0.034,0.46,788.0,21101.0,-0.07292645242434143
313,3.763036540458825e-05,0.0007,3.0,1.0,1.23,0.08900000000000001,0.43,4056.0,11339.0,-0.3904078642512516
314,0.008169482174897906,0.0104,3.0,3.6,1.56,0.078,0.43,81.0,15108.0,-0.005713995579570299
315,0.0006961924453514695,0.0104,6.0,3.6,1.56,0.078,0.43,1665.0,22754.0,-0.22224308137245827
316,0.00020350597713007223,0.297,8.0,14.5,2.68,0.045,0.43,2622.0,9479.0,-0.18819937369963116
317,0.18991274857348614,0.297,3.0,14.5,2.68,0.045,0.43,17.0,6943.0,-0.026466756714808234
318,0.0003671056635356951,0.0104,6.0,3.6,1.56,0.078,0.43,2807.0,22733.0,-0.3037242021721294
319,0.0069237079685206615,0.0104,4.0,3.6,1.56,0.078,0.43,134.0,18853.0,-0.013517435202728155
320,0.00311889231780939,0.044208332999999995,5.0,7.5,1.89,0.065,0.41,373.0,15755.0,-0.12973412436231263
321,0.0005518545991079161,0.0026,3.0,1.9,1.31,0.095,0.41,509.0,12092.0,-0.07511645567788024
322,9.172275175496384e-05,0.002,4.0,0.8,1.09,0.068,0.38,988.0,5951.0,-0.09006023439530338
323,2e-05,0.0002,3.0,0.5,1.09,0.07,0.36,1853.0,3984.0,-0.029529425290049562
324,0.0033073436447757345,0.0045,8.0,2.0,1.41,0.067,0.45,493.0,27554.0,-0.004329023149230566
325,0.0003130851209709982,0.0026,5.0,1.9,1.31,0.095,0.41,1755.0,18572.0,-0.14950895016053173
326,0.09901014143926876,0.297,7.0,14.5,2.68,0.045,0.43,36.0,9127.0,-0.04397280269223595
327,0.00012500990205449933,0.0007,2.0,1.0,1.23,0.08900000000000001,0.43,723.0,6231.0,-0.09518624921667548
328,0.0012128076561215505,0.0025,2.0,1.6,1.37,0.034,0.46,178.0,6796.0,-0.02499819341234346
329,0.03556163235973281,0.297,6.0,14.5,2.68,0.045,0.43,60.0,8705.0,-0.06540319851097998
330,0.14157177086491746,0.145916667,1.0,12.4,2.28,0.057,0.41,10.0,4741.0,-0.0030189546269954104
331,0.00015844819182148862,0.297,8.0,14.5,2.68,0.045,0.43,3147.0,9473.0,-0.19637452769178654
332,0.00012,0.0012,6.0,2.7,1.23,0.1,0.38,4728.0,16768.0,-0.07832792161206145
333,0.0001248238890325564,0.0025,3.0,1.6,1.37,0.034,0.46,2816.0,14452.0,-0.4353060768486404
334,0.002642430244985978,0.044208332999999995,3.0,7.5,1.89,0.065,0.41,253.0,12846.0,-0.1384932315849754
335,0.2772963333882988,0.297,8.0,14.5,2.68,0.045,0.43,19.0,9502.0,-0.009080895261475506
336,5.096384416375427e-07,0.0026,1.0,1.9,1.31,0.095,0.41,164.0,69.0,-0.944196411324306
337,0.00028536986625724324,0.044208332999999995,2.0,7.5,1.89,0.065,0.41,846.0,9952.0,-0.2818431603540258
338,9.844620771373677e-05,0.0002,1.0,0.5,1.09,0.07,0.36,58.0,1326.0,-2.9214211249701997e-06
339,0.0015552776554141263,0.0025,6.0,1.6,1.37,0.034,0.46,682.0,27891.0,-0.009356794659118636
340,0.0011704478684296175,0.0026,3.0,1.9,1.31,0.095,0.41,241.0,12094.0,-0.014639051443355774
341,0.002358447038801625,0.0045,7.0,2.0,1.41,0.067,0.45,580.0,26300.0,-0.0217169449906793
342,1.3557877898452645e-07,0.0002,1.0,0.5,1.09,0.07,0.36,19.0,1.0,-0.9474851330919691
343,0.00012,0.0012,5.0,2.7,1.23,0.1,0.38,3704.0,16484.0,-0.07832792161207512
344,3.698952133372573e-05,0.0045,1.0,2.0,1.41,0.067,0.45,702.0,945.0,-0.7045147398089276
345,0.00012339226039005235,0.145916667,3.0,12.4,2.28,0.057,0.41,1765.0,8932.0,-0.24507581762599265
346,0.0002669771462302295,0.0045,4.0,2.0,1.41,0.067,0.45,2091.0,18540.0,-0.3414125083036528
347,0.0022579837844508245,0.0045,1.0,2.0,1.41,0.067,0.45,45.0,1137.0,-0.024850976101546008
348,0.008891112227870649,0.0131,10.0,5.9,1.48,0.1,0.39,255.0,21482.0,-0.004548732057426099
349,7e-05,0.0007,3.0,1.0,1.23,0.08900000000000001,0.43,2369.0,11473.0,-0.21153626356002914
350,0.0014642039522937988,0.0025,5.0,1.6,1.37,0.034,0.46,562.0,25248.0,-0.012440692837284635
351,0.0002,0.002,7.0,0.8,1.09,0.068,0.38,1087.0,7345.0,-0.018455890478599333
352,0.0017644000886051679,0.0045,10.0,2.0,1.41,0.067,0.45,1212.0,29296.0,-0.04600293565935901
353,0.009696401290942108,0.0104,2.0,3.6,1.56,0.078,0.43,44.0,8337.0,-0.0006771756250471389
354,0.007482747942543971,0.0131,1.0,5.9,1.48,0.1,0.39,26.0,2735.0,-0.009006290647715081
355,0.1198501623367606,0.145916667,1.0,12.4,2.28,0.057,0.41,12.0,4741.0,-0.012570028091472847
356,0.0002,0.002,8.0,0.8,1.09,0.068,0.38,1331.0,7413.0,-0.018455890478599316
357,0.00012,0.0012,4.0,2.7,1.23,0.1,0.38,2737.0,15825.0,-0.07832792161842718
358,0.00034037951909239106,0.145916667,4.0,12.4,2.28,0.057,0.41,1149.0,9904.0,-0.1984648785561331
359,0.008068394613325593,0.0104,3.0,3.6,1.56,0.078,0.43,83.0,15108.0,-0.006216800283506846
360,0.0012684097492561806,0.145916667,6.0,12.4,2.28,0.057,0.41,674.0,11258.0,-0.1486411977343388
361,0.0007366440131506259,0.0025,4.0,1.6,1.37,0.034,0.46,817.0,21100.0,-0.07755181246100945
362,6.657527848932187e-05,0.0002,4.0,0.5,1.09,0.07,0.36,912.0,4105.0,-0.00014118357748836897
363,0.019260685681365398,0.044208332999999995,8.0,7.5,1.89,0.065,0.41,137.0,18144.0,-0.04075511092915372
364,0.00010806600475732435,0.0012,2.0,2.7,1.23,0.1,0.38,1163.0,10896.0,-0.08801852206174532
365,0.00014467980210064425,0.0002,2.0,0.5,1.09,0.07,0.36,130.0,3253.5,-1.3472594737389673e-09
366,0.0039085190718553394,0.0045,3.0,2.0,1.41,0.067,0.45,114.0,12802.0,-0.0007110415116283556
367,0.003222465591763739,0.0045,8.0,2.0,1.41,0.067,0.45,506.0,27554.0,-0.005194600631785026
368,0.0013635411788495697,0.0025,3.0,1.6,1.37,0.034,0.46,288.0,14577.0,-0.01667330738512119
369,0.00045,0.0045,7.0,2.0,1.41,0.067,0.45,2719.0,26280.0,-0.2390928837620464
370,0.06786812971115803,0.145916667,10.0,12.4,2.28,0.057,0.41,60.0,13030.0,-0.03379591517942319
371,0.0027527247496700494,0.044208332999999995,3.0,7.5,1.89,0.065,0.41,245.0,12846.0,-0.13631525389154603
372,9.731747321552456e-05,0.0026,3.0,1.9,1.31,0.095,0.41,2458.0,11998.0,-0.37537511940086704
373,0.10212548880389388,0.145916667,1.0,12.4,2.28,0.057,0.41,13.0,4741.0,-0.019486401668348665
374,0.005974870396087856,0.145916667,2.0,12.4,2.28,0.057,0.41,85.0,7585.0,-0.10082503918465863
375,0.015275746257672286,0.297,6.0,14.5,2.68,0.045,0.43,102.0,8705.0,-0.08203075206095164
376,0.009613276882535554,0.0131,8.0,5.9,1.48,0.1,0.39,185.0,20537.5,-0.0029602046790935667
377,0.009149555804396376,0.145916667,2.0,12.4,2.28,0.057,0.41,65.0,7586.0,-0.08902878006499167
378,0.003230819570508474,0.0045,4.0,2.0,1.41,0.067,0.45,203.0,18588.0,-0.005104732174150733
379,1.960720106020801e-06,0.0131,1.0,5.9,1.48,0.1,0.39,1312.0,1245.0,-0.8654817466138187
380,6.590295572621757e-05,0.0131,1.0,5.9,1.48,0.1,0.39,899.0,2620.0,-0.3828627179262511
381,0.12159664069862659,0.145916667,1.0,12.4,2.28,0.057,0.41,12.0,4741.0,-0.011874824139408444
382,0.0016484962461049478,0.0131,10.0,5.9,1.48,0.1,0.39,1206.0,21480.0,-0.08034985767598453
383,0.00012,0.0012,1.0,2.7,1.23,0.1,0.38,414.0,3778.0,-0.0782882728513955
384,0.005217060780615765,0.0104,6.0,3.6,1.56,0.078,0.43,282.0,22769.0,-0.03103241976970148
385,0.001100986246271563,0.0045,8.0,2.0,1.41,0.067,0.45,1426.0,27552.0,-0.09972571751767266
386,0.0017115961880789863,0.0025,8.0,1.6,1.37,0.034,0.46,915.0,31039.0,-0.005414243179100579
387,0.00010966203162507885,0.002,6.0,0.8,1.09,0.068,0.38,1554.0,7157.0,-0.06673333403245355
388,0.0012942147087995775,0.297,7.0,14.5,2.68,0.045,0.43,626.0,9122.0,-0.1359785357018457
389,0.001260173780968547,0.002,1.0,0.8,1.09,0.068,0.38,14.0,651.0,-3.0085703669975225e-08
390,7e-05,0.0007,4.0,1.0,1.23,0.08900000000000001,0.43,3601.0,15042.0,-0.21149276806767975
391,0.00016119823378699805,0.297,6.0,14.5,2.68,0.045,0.43,2328.0,8679.0,-0.19580275057584645
392,0.00237537773483514,0.0025,3.0,1.6,1.37,0.034,0.46,167.0,14577.0,-3.0015218635636603e-05
393,0.00045,0.0045,9.0,2.0,1.41,0.067,0.45,3729.0,28505.0,-0.2390928837537407
394,0.02349825160443629,0.044208332999999995,4.0,7.5,1.89,0.065,0.41,60.0,14550.0,-0.031061640514997685
395,0.020618780971339026,0.044208332999999995,8.0,7.5,1.89,0.065,0.41,129.0,18144.0,-0.03745105349300875
396,4.6421553461309106e-05,0.0002,6.0,0.5,1.09,0.07,0.36,2584.0,4107.0,-0.0013462089700434056
397,0.13771153356412885,0.297,1.0,14.5,2.68,0.045,0.43,14.0,4221.0,-0.03587970410404444
398,0.0005743624476673679,0.0007,3.0,1.0,1.23,0.08900000000000001,0.43,279.0,11519.5,-3.4582919451819635e-05
399,0.0016457705061680527,0.044208332999999995,1.0,7.5,1.89,0.065,0.41,126.0,3216.0,-0.1646206305570875
400,0.003847498119911837,0.0045,6.0,2.0,1.41,0.067,0.45,293.0,24616.5,-0.0009117887212851436
401,0.029328938259539847,0.297,9.0,14.5,2.68,0.045,0.43,93.0,9841.0,-0.06920203174194912
402,0.008579582880645292,0.0104,2.0,3.6,1.56,0.078,0.43,48.0,8337.0,-0.003894803241619795
403,0.1041124989242439,0.145916667,10.0,12.4,2.28,0.057,0.41,43.0,13031.0,-0.018712879109905628
404,0.0008891094907234651,0.0012,2.0,2.7,1.23,0.1,0.38,147.0,10910.0,-7.010252769801082e-05
405,5.011512472659115e-05,0.0131,1.0,5.9,1.48,0.1,0.39,1025.0,2586.0,-0.42094351939411506
406,0.00012,0.0012,4.0,2.7,1.23,0.1,0.38,2737.0,15825.0,-0.07832792161842718
407,0.06146489737773291,0.145916667,8.0,12.4,2.28,0.057,0.41,53.0,12244.0,-0.03687996752047651
408,0.0017415790019118295,0.0025,6.0,1.6,1.37,0.034,0.46,609.0,27891.0,-0.0048238221580292505
409,0.00014064738847780728,0.0007,2.0,1.0,1.23,0.08900000000000001,0.43,633.0,6234.0,-0.07745195831130201
410,0.00907952334445784,0.0131,6.0,5.9,1.48,0.1,0.39,143.0,19160.0,-0.004093575582710854
411,0.0008138272142342027,0.0104,6.0,3.6,1.56,0.078,0.43,1461.0,22757.0,-0.20407980149911548
412,0.0037422923239249107,0.044208332999999995,6.0,7.5,1.89,0.065,0.41,390.0,16699.0,-0.12030967150673866
413,0.0015665645041353818,0.0026,7.0,1.9,1.31,0.095,0.41,586.0,21101.0,-0.00420673054641934
414,0.007238111490857535,0.0104,4.0,3.6,1.56,0.078,0.43,128.0,18853.0,-0.011204274132408012
415,0.00031330192718512863,0.0104,3.0,3.6,1.56,0.078,0.43,1402.0,15065.0,-0.32583837160341045
416,8.671932084357832e-06,0.0002,3.0,0.5,1.09,0.07,0.36,4187.0,3924.0,-0.1577315699548829
417,0.0005949706437697286,0.0025,9.0,1.6,1.37,0.034,0.46,2990.0,32017.0,-0.10744324125770846
418,0.001329814127828826,0.044208332999999995,2.0,7.5,1.89,0.065,0.41,282.0,9979.0,-0.17703614356181432
419,0.007242803220951967,0.0131,2.0,5.9,1.48,0.1,0.39,53.0,10181.0,-0.009978421639787089
420,0.033730171708485863,0.044208332999999995,10.0,7.5,1.89,0.065,0.41,104.0,19247.0,-0.013002621818715754
421,0.0002708039917147005,0.0012,8.0,2.7,1.23,0.1,0.38,3165.0,16893.0,-0.02293741235215324
422,0.0010726752840326428,0.002,1.0,0.8,1.09,0.068,0.38,17.0,651.0,-5.451704821364197e-07
423,0.033670731103908884,0.044208332999999995,9.0,7.5,1.89,0.065,0.41,94.0,18727.0,-0.01309179410794774
424,0.005230752449680456,0.0104,8.0,3.6,1.56,0.078,0.43,392.0,24957.0,-0.030852281515701897
425,0.0002,0.002,3.0,0.8,1.09,0.068,0.38,287.0,4505.0,-0.018455890478611618
426,0.00013072415123569468,0.0002,2.0,0.5,1.09,0.07,0.36,140.0,3254.0,-2.1180193901687805e-08
427,7e-05,0.0007,5.0,1.0,1.23,0.08900000000000001,0.43,4993.0,16985.0,-0.21148611336054962
428,0.0013687998839276214,0.0045,8.0,2.0,1.41,0.067,0.45,1167.0,27553.0,-0.07298267784770864
429,0.012886639780910515,0.044208332999999995,4.0,7.5,1.89,0.065,0.41,98.0,14549.0,-0.060006935885343046
430,0.02333840326191797,0.044208332999999995,9.0,7.5,1.89,0.065,0.41,130.0,18727.0,-0.031397068086582755
431,0.0006992194607944471,0.145916667,8.0,12.4,2.28,0.057,0.41,1392.0,12234.0,-0.1699157072092233
432,0.0011478478699933107,0.0026,6.0,1.9,1.31,0.095,0.41,646.0,20089.0,-0.015600265283915284
433,0.279400143075191,0.297,7.0,14.5,2.68,0.045,0.43,17.0,9127.0,-0.008485091355504733
434,0.03782038212397898,0.044208332999999995,5.0,7.5,1.89,0.065,0.41,49.0,15758.0,-0.007235110460950385
435,0.0005849519239881096,0.0104,1.0,3.6,1.56,0.078,0.43,246.0,1624.0,-0.24183319122445995
436,0.0387671964942235,0.145916667,9.0,12.4,2.28,0.057,0.41,82.0,12656.0,-0.050234970850405125
437,0.007005506079843248,0.0104,8.0,3.6,1.56,0.078,0.43,296.0,24957.0,-0.012891808042160264
438,0.0037614613016341038,0.0104,8.0,3.6,1.56,0.078,0.43,535.0,24956.0,-0.0554368369343376
439,7e-05,0.0007,4.0,1.0,1.23,0.08900000000000001,0.43,3601.0,15042.0,-0.21149276806767975
440,0.004398716274951778,0.0131,1.0,5.9,1.48,0.1,0.39,41.0,2734.0,-0.02876070090453081
441,0.000309736477086125,0.0104,1.0,3.6,1.56,0.078,0.43,374.0,1607.0,-0.3234320988604255
442,0.03071168687929086,0.044208332999999995,4.0,7.5,1.89,0.065,0.41,48.0,14550.0,-0.017735561768100257
443,0.011344414384057661,0.044208332999999995,2.0,7.5,1.89,0.065,0.41,58.0,9986.0,-0.06607568246672257
444,0.00012,0.0012,4.0,2.7,1.23,0.1,0.38,2737.0,15825.0,-0.07832792161842718
445,0.19057962078191798,0.297,3.0,14.5,2.68,0.045,0.43,16.0,6943.0,-0.026350109243296456
446,0.0020751219164278703,0.0026,1.0,1.9,1.31,0.095,0.41,31.0,1380.0,-0.0003848073293693518
447,1.8695803461351172e-05,0.0002,3.0,0.5,1.09,0.07,0.36,1987.0,3983.0,-0.03502922788236607
448,0.0007992440269185847,0.0045,8.0,2.0,1.41,0.067,0.45,1919.0,27548.0,-0.14439804505921358
449,3.461957300112118e-06,0.0131,1.0,5.9,1.48,0.1,0.39,1540.0,1638.0,-0.8116508071421188
450,0.00026,0.0026,7.0,1.9,1.31,0.095,0.41,3246.0,21085.0,-0.1788273415870335
451,0.031961683360510466,0.145916667,1.0,12.4,2.28,0.057,0.41,23.0,4740.0,-0.055532979347616446
452,0.07626259852135425,0.145916667,9.0,12.4,2.28,0.057,0.41,50.0,12656.0,-0.030017797627118335
453,0.00010643924847528286,0.297,4.0,14.5,2.68,0.045,0.43,2079.0,7616.0,-0.2100105110716913
454,0.006964133744787418,0.0131,8.0,5.9,1.48,0.1,0.39,251.0,20538.0,-0.011197880800018763
455,0.00014504648687373232,0.002,2.0,0.8,1.09,0.068,0.38,208.0,2467.0,-0.038999479524462206
456,0.03132213393660839,0.145916667,8.0,12.4,2.28,0.057,0.41,87.0,12244.0,-0.05608170928075218
457,0.0011739087435110236,0.0045,9.0,2.0,1.41,0.067,0.45,1562.0,28523.0,-0.09152782611338228
458,0.0029507223659587067,0.0104,5.0,3.6,1.56,0.078,0.43,388.0,21152.0,-0.07554014371418961
459,0.2968427581519069,0.297,6.0,14.5,2.68,0.045,0.43,13.0,8706.0,-0.0005117163444507674
460,0.0008625074678940766,0.0131,8.0,5.9,1.48,0.1,0.39,1637.0,20531.0,-0.12314977967598563
461,0.003241559699052794,0.0131,6.0,5.9,1.48,0.1,0.39,370.0,19159.0,-0.04303401971189145
462,0.020183900958494847,0.044208332999999995,9.0,7.5,1.89,0.065,0.41,147.0,18727.0,-0.038486528629403924
463,0.0006988812663633386,0.0012,1.0,2.7,1.23,0.1,0.38,68.0,3788.0,-0.0007062686927664077
464,0.0002095248858355804,0.0045,1.0,2.0,1.41,0.067,0.45,392.0,1099.0,-0.37450724193979246
465,0.0007651450286811993,0.0012,2.0,2.7,1.23,0.1,0.38,170.0,10910.0,-0.00034965245621176026
466,0.0005732912969777258,0.0045,9.0,2.0,1.41,0.067,0.45,3009.0,28512.0,-0.19693706993429738
467,0.005884491510575953,0.0104,10.0,3.6,1.56,0.078,0.43,452.0,26431.0,-0.02307092257413899
468,0.19372578099101725,0.297,4.0,14.5,2.68,0.045,0.43,18.0,7654.0,-0.02579970404432351
469,0.0033883100695187673,0.0045,1.0,2.0,1.41,0.067,0.45,30.0,1138.0,-0.003597441376276402
470,3.102985861873374e-06,0.0131,1.0,5.9,1.48,0.1,0.39,1506.0,1568.0,-0.8233430067799791
471,0.006646727544920452,0.297,3.0,14.5,2.68,0.045,0.43,99.0,6941.0,-0.09888925420685508
472,9.841219168314638e-05,0.0012,4.0,2.7,1.23,0.1,0.38,3287.0,15818.0,-0.09717109718164796
473,5.199705006571278e-05,0.0026,3.0,1.9,1.31,0.095,0.41,3897.0,11846.0,-0.5419132012076798
474,0.138424804292971,0.145916667,4.0,12.4,2.28,0.057,0.41,18.0,9923.0,-0.004634823760043432
475,0.00131,0.0131,10.0,5.9,1.48,0.1,0.39,1475.0,21479.0,-0.09472121754195748
476,0.1059581442700721,0.145916667,7.0,12.4,2.28,0.057,0.41,32.0,11785.0,-0.017995588091138503
477,0.0037867810526489546,0.0045,3.0,2.0,1.41,0.067,0.45,117.0,12802.0,-0.0011433103134560517
478,0.0025047808540469485,0.0045,8.0,2.0,1.41,0.067,0.45,649.0,27554.0,-0.017692502148048284
479,0.00010741939160986874,0.145916667,7.0,12.4,2.28,0.057,0.41,4783.0,11731.0,-0.2521097899528497
480,0.0027877456594372777,0.0104,10.0,3.6,1.56,0.078,0.43,909.0,26430.0,-0.08045029223383095
481,0.11315669225788173,0.297,7.0,14.5,2.68,0.045,0.43,34.0,9127.0,-0.04082320778152936
482,0.0002,0.002,5.0,0.8,1.09,0.068,0.38,647.0,6755.0,-0.01845589047859932
483,0.025761497169803894,0.044208332999999995,10.0,7.5,1.89,0.065,0.41,132.0,19247.0,-0.02652197300346668
484,0.026701431500644735,0.297,10.0,14.5,2.68,0.045,0.43,108.0,10151.0,-0.07104571092674614
485,0.009060681485187001,0.0104,2.0,3.6,1.56,0.078,0.43,46.0,8337.0,-0.0022003510385590775
486,0.22172122588047172,0.297,4.0,14.5,2.68,0.045,0.43,16.0,7654.0,-0.020836053672365698
487,0.015716754922366818,0.297,2.0,14.5,2.68,0.045,0.43,46.0,5963.0,-0.08146753577858946
488,0.0002,0.002,4.0,0.8,1.09,0.068,0.38,455.0,5956.0,-0.018455890478599322
489,0.0030113187327529102,0.0104,2.0,3.6,1.56,0.078,0.43,132.0,8336.0,-0.07380143354089048
490,0.004375518076229819,0.0045,2.0,2.0,1.41,0.067,0.45,60.0,5852.0,-1.4855659069952218e-05
491,0.0002,0.002,10.0,0.8,1.09,0.068,0.38,1855.0,7427.0,-0.01845589047859934
492,0.012774564649854943,0.145916667,6.0,12.4,2.28,0.057,0.41,128.0,11263.0,-0.08002464100871498
493,0.00031968268136234036,0.0007,3.0,1.0,1.23,0.08900000000000001,0.43,500.0,11519.0,-0.007474440325029093
494,0.14179003397300088,0.297,10.0,14.5,2.68,0.045,0.43,37.0,10152.0,-0.03510464437393514
495,0.00045,0.0045,8.0,2.0,1.41,0.067,0.45,3217.0,27535.0,-0.23909288375400417
496,0.006788939455905079,0.044208332999999995,1.0,7.5,1.89,0.065,0.41,48.0,3221.0,-0.09069226461846268
497,0.00019845022960218096,0.297,4.0,14.5,2.68,0.045,0.43,1335.0,7631.0,-0.18900763616244173
498,0.0075584233285985215,0.0131,8.0,5.9,1.48,0.1,0.39,233.0,20538.0,-0.008713910275221585
499,0.0003302661048924893,0.0104,4.0,3.6,1.56,0.078,0.43,1887.0,18813.0,-0.31838771507840397
500,0.28496784368650735,0.297,2.0,14.5,2.68,0.045,0.43,10.0,5964.0,-0.006756911677361931
501,0.001368639440316242,0.0026,2.0,1.9,1.31,0.095,0.41,115.0,6210.0,-0.008135686178068325
502,0.0003636692278021921,0.0045,3.0,2.0,1.41,0.067,0.45,1130.0,12773.0,-0.2789092773778116
503,0.0011903865280516633,0.0026,3.0,1.9,1.31,0.095,0.41,237.0,12094.0,-0.013833423764291825
504,0.030508461406144206,0.145916667,10.0,12.4,2.28,0.057,0.41,107.0,13030.0,-0.0567948120220011
505,0.0014617737250365137,0.0025,6.0,1.6,1.37,0.034,0.46,725.0,27891.0,-0.012532129003159758
506,0.0038631015505946695,0.0045,8.0,2.0,1.41,0.067,0.45,423.0,27554.5,-0.0008574915302954367
507,0.0015705574542594094,0.002,1.0,0.8,1.09,0.068,0.38,13.5,651.0,-4.086177446731743e-11
508,0.0044988434538449544,0.0131,8.0,5.9,1.48,0.1,0.39,379.0,20538.0,-0.027781240032785256
509,2e-05,0.0002,1.0,0.5,1.09,0.07,0.36,278.0,1323.0,-0.029582115990351553
510,0.0007041212473291042,0.0026,7.0,1.9,1.31,0.095,0.41,1268.0,21100.0,-0.05043743609483001
511,0.00026,0.0026,10.0,1.9,1.31,0.095,0.41,5161.0,22664.0,-0.17882734158597854
512,0.2062670698484219,0.297,2.0,14.5,2.68,0.045,0.43,13.0,5964.0,-0.023597634525213698
513,0.0035352583097024914,0.0104,9.0,3.6,1.56,0.078,0.43,648.0,25754.0,-0.06043079525896951
514,0.0009320522351995419,0.0104,7.0,3.6,1.56,0.078,0.43,1559.0,23980.0,-0.18879336918532447
515,0.00012,0.0012,4.0,2.7,1.23,0.1,0.38,2737.0,15825.0,-0.07832792161842718
516,0.00046411490472379134,0.0026,2.0,1.9,1.31,0.095,0.41,352.0,6206.0,-0.09538986508151581
517,0.0013368281173269997,0.0025,6.0,1.6,1.37,0.034,0.46,792.0,27891.0,-0.017961531899184435
518,0.002123331588427614,0.0104,6.0,3.6,1.56,0.078,0.43,646.0,22766.0,-0.10496695256113171
519,0.05258870268376417,0.297,7.0,14.5,2.68,0.045,0.43,53.0,9127.0,-0.057562853613408335
520,0.10582844207490275,0.297,1.0,14.5,2.68,0.045,0.43,16.0,4221.0,-0.04242013938769885
521,0.009885182549309266,0.0131,10.0,5.9,1.48,0.1,0.39,230.0,21482.5,-0.00246611766586447
522,0.00209993347017947,0.0025,3.0,1.6,1.37,0.034,0.46,188.0,14577.0,-0.0007611218615714269
523,0.00012,0.0012,3.0,2.7,1.23,0.1,0.38,1843.0,14376.0,-0.07832792387089625
524,0.10475282275479678,0.297,6.0,14.5,2.68,0.045,0.43,31.0,8706.0,-0.042660523395695135
525,0.00012751077336110427,0.0026,5.0,1.9,1.31,0.095,0.41,3863.0,18519.0,-0.31403356691685635
526,0.12084801956182038,0.145916667,4.0,12.4,2.28,0.057,0.41,20.0,9923.0,-0.012173736877673959
527,0.00539486460478084,0.0104,6.0,3.6,1.56,0.078,0.43,273.0,22769.0,-0.028750807668324323
528,0.0002,0.002,5.0,0.8,1.09,0.068,0.38,647.0,6755.0,-0.01845589047859932
529,0.00038274704459570285,0.0007,9.0,1.0,1.23,0.08900000000000001,0.43,2240.0,19037.0,-0.002887331758155509
530,0.09619946975212809,0.145916667,10.0,12.4,2.28,0.057,0.41,46.0,13031.0,-0.02180959942742915
531,1.0854963211723111e-05,0.0012,1.0,2.7,1.23,0.1,0.38,2082.0,3374.0,-0.44153018902821434
532,0.001594125575088534,0.0026,7.0,1.9,1.31,0.095,0.41,575.0,21101.0,-0.003807986142978334
533,0.00010135740480268967,0.0104,1.0,3.6,1.56,0.078,0.43,665.0,1541.0,-0.4893741678552296
534,0.0018231346229500521,0.0045,7.0,2.0,1.41,0.067,0.45,747.0,26299.0,-0.042888407298054224
535,0.0015588128310109533,0.0045,5.0,2.0,1.41,0.067,0.45,561.0,22239.0,-0.05856327107946161
536,0.06907174995984051,0.297,8.0,14.5,2.68,0.045,0.43,49.0,9502.0,-0.051904783170464125
537,0.02208483182346197,0.044208332999999995,7.0,7.5,1.89,0.065,0.41,107.0,17479.0,-0.034102598687354636
538,0.0014773110422047475,0.0045,3.0,2.0,1.41,0.067,0.45,299.0,12801.0,-0.06437202108407934
539,0.03776376582356021,0.044208332999999995,2.0,7.5,1.89,0.065,0.41,23.0,9987.0,-0.007309999185441618
540,0.0016011412558747668,0.0026,7.0,1.9,1.31,0.095,0.41,573.0,21101.0,-0.0037113501102927038
541,2e-05,0.0002,4.0,0.5,1.09,0.07,0.36,3041.0,4102.0,-0.029529424766234172
542,0.0018870846114724905,0.297,9.0,14.5,2.68,0.045,0.43,613.0,9837.0,-0.12681720246385197
543,0.0019636590034081735,0.0026,9.0,1.9,1.31,0.095,0.41,652.0,22311.5,-0.0007466633127120878
544,0.00017697065390861382,0.0007,2.0,1.0,1.23,0.08900000000000001,0.43,486.0,6237.0,-0.04862641039415534
545,9.938537247573015e-05,0.0012,4.0,2.7,1.23,0.1,0.38,3258.0,15819.0,-0.09618641341167523
546,0.0013695004695075486,0.0025,9.0,1.6,1.37,0.034,0.46,1335.0,32022.0,-0.01639590222124394
547,0.001601738401919995,0.0026,7.0,1.9,1.31,0.095,0.41,573.0,21101.0,-0.0037032136813096358
548,7e-05,0.0007,2.0,1.0,1.23,0.08900000000000001,0.43,1319.0,6198.0,-0.21149924091303843
549,0.00010045867340055089,0.0012,1.0,2.7,1.23,0.1,0.38,494.0,3773.0,-0.09502723986565786
550,8.671726446424043e-05,0.0045,1.0,2.0,1.41,0.067,0.45,581.0,1041.0,-0.5494098437874717
551,0.0007861861064194323,0.0045,5.0,2.0,1.41,0.067,0.45,1073.0,22234.0,-0.14685699037100944
552,0.0007955457534203776,0.0012,6.0,2.7,1.23,0.1,0.38,755.0,16779.0,-0.00024567616055884824
553,0.001771529056402741,0.0026,2.0,1.9,1.31,0.095,0.41,90.0,6211.0,-0.0018872923423970248
554,0.03229961303313546,0.044208332999999995,10.0,7.5,1.89,0.065,0.41,108.0,19247.0,-0.015192826658499073
555,0.019537373204885633,0.044208332999999995,2.0,7.5,1.89,0.065,0.41,39.0,9986.0,-0.040064797792184206
556,7e-05,0.0007,2.0,1.0,1.23,0.08900000000000001,0.43,1319.0,6198.0,-0.21149924091303843
557,0.0001747390643260731,0.0007,2.0,1.0,1.23,0.08900000000000001,0.43,493.0,6237.0,-0.05002210389178096
558,0.0017820433289649548,0.0104,3.0,3.6,1.56,0.078,0.43,338.0,15105.0,-0.12158181615704738
559,2.5320737900589395e-05,0.002,2.0,0.8,1.09,0.068,0.38,1082.0,2378.0,-0.4183342192865388
560,0.0025823388380073276,0.0045,1.0,2.0,1.41,0.067,0.45,38.0,1137.0,-0.015798325546371495
561,0.005793669617467784,0.0104,2.0,3.6,1.56,0.078,0.43,70.0,8337.0,-0.024061526393435863
562,0.0004362820682720462,0.145916667,10.0,12.4,2.28,0.057,0.41,2416.0,13016.0,-0.1882381748587078
563,0.0025905497043758312,0.0131,5.0,5.9,1.48,0.1,0.39,368.0,18161.0,-0.05457759580019375
564,0.006912930806078117,0.0104,10.0,3.6,1.56,0.078,0.43,387.0,26431.0,-0.013601138196458785
565,0.00022201365389520457,0.0104,3.0,3.6,1.56,0.078,0.43,1817.0,15042.0,-0.3769006146919117
566,0.0004085888302385611,0.0025,4.0,1.6,1.37,0.034,0.46,1458.0,21090.0,-0.16922914015749252
567,0.0009288875550439686,0.002,1.0,0.8,1.09,0.068,0.38,18.0,651.0,-3.76605754866405e-06
568,0.006270590246194755,0.297,2.0,14.5,2.68,0.045,0.43,76.0,5962.0,-0.10010696823621641
569,0.16581428926249359,0.297,3.0,14.5,2.68,0.045,0.43,18.0,6943.0,-0.03070992792829249
570,0.0005736160637705997,0.0012,4.0,2.7,1.23,0.1,0.38,599.0,15836.0,-0.0022335637729561583
571,2e-05,0.0002,3.0,0.5,1.09,0.07,0.36,1853.0,3984.0,-0.029529425290049562
572,0.00021891604982571204,0.0026,9.0,1.9,1.31,0.095,0.41,5255.0,22287.0,-0.20811928398315488
573,0.002237444313967089,0.0104,7.0,3.6,1.56,0.078,0.43,737.0,23988.0,-0.10012899512205027
574,0.001437443889713488,0.044208332999999995,9.0,7.5,1.89,0.065,0.41,1262.0,18720.0,-0.17246150089505333
575,0.0005878549042038464,0.0012,4.0,2.7,1.23,0.1,0.38,585.0,15836.0,-0.0019771041639799103
576,0.0002648099246134203,0.002,3.0,0.8,1.09,0.068,0.38,218.0,4505.0,-0.00823145930216983
577,0.0002,0.002,3.0,0.8,1.09,0.068,0.38,287.0,4505.0,-0.018455890478611618
578,0.0002494710275596965,0.044208332999999995,1.0,7.5,1.89,0.065,0.41,430.0,3186.0,-0.2922047928900451
579,0.24802553761116955,0.297,6.0,14.5,2.68,0.045,0.43,18.0,8706.0,-0.015834398968361963
580,0.0049986260599083855,0.0131,2.0,5.9,1.48,0.1,0.39,73.0,10181.0,-0.023342320488848815
581,0.0013276255200525941,0.297,8.0,14.5,2.68,0.045,0.43,700.0,9497.0,-0.13534582120952832
582,0.004542226718062851,0.0131,4.0,5.9,1.48,0.1,0.39,172.0,16752.0,-0.027366743175566307
583,0.00014538260076252967,0.297,6.0,14.5,2.68,0.045,0.43,2508.0,8676.0,-0.19925611002642157
584,0.271282708657471,0.297,9.0,14.5,2.68,0.045,0.43,21.0,9841.0,-0.010664334268745424
585,7.650968425771084e-05,0.0131,4.0,5.9,1.48,0.1,0.39,5001.0,16616.0,-0.36724374317291686
586,4.994829859765872e-05,0.0002,2.0,0.5,1.09,0.07,0.36,357.0,3254.0,-0.0009095259901933751
587,0.0012066505745560974,0.0025,3.0,1.6,1.37,0.034,0.46,326.0,14577.0,-0.025397405781179935
588,4.049209974998398e-05,0.0104,1.0,3.6,1.56,0.078,0.43,894.0,1431.0,-0.6360935775447912
589,0.0004857969919885242,0.0025,4.0,1.6,1.37,0.034,0.46,1235.0,21094.0,-0.13937863495373862
590,0.0007180291591911158,0.0012,8.0,2.7,1.23,0.1,0.38,1221.0,16894.0,-0.0005811721751444196
591,0.0009084398647755372,0.0025,1.0,1.6,1.37,0.034,0.46,95.0,1386.0,-0.052205093201034995
592,0.001722337154685337,0.0131,1.0,5.9,1.48,0.1,0.39,91.0,2732.0,-0.07769998363005631
593,0.00027841253794428576,0.297,2.0,14.5,2.68,0.045,0.43,534.0,5947.0,-0.17837408256676687
594,0.0056751401958053255,0.0104,7.0,3.6,1.56,0.078,0.43,311.0,23990.0,-0.025396278333741616
595,0.026003603391636956,0.044208332999999995,6.0,7.5,1.89,0.065,0.41,81.0,16701.0,-0.02605794706135356
596,0.0006707965005518923,0.044208332999999995,3.0,7.5,1.89,0.065,0.41,701.0,12834.0,-0.2199768457589157
597,0.0034015046048276364,0.0131,8.0,5.9,1.48,0.1,0.39,490.0,20537.0,-0.04066681606260082
598,0.00198426853519625,0.0026,4.0,1.9,1.31,0.095,0.41,217.0,16194.5,-0.0006661884804285207
599,0.0002,0.002,8.0,0.8,1.09,0.068,0.38,1331.0,7413.0,-0.018455890478599316
600,5.777142391849588e-06,0.0002,1.0,0.5,1.09,0.07,0.36,803.0,1225.0,-0.26446663974608514
601,0.0022919319870279447,0.0045,3.0,2.0,1.41,0.067,0.45,192.0,12802.0,-0.02375959139849009
602,0.0025463800295664938,0.0026,1.0,1.9,1.31,0.095,0.41,26.0,1380.0,-2.0887722739613418e-07
603,0.266154518882408,0.297,5.0,14.5,2.68,0.045,0.43,15.0,8223.0,-0.011909344124232774
604,2.4809489713462524e-06,0.0007,1.0,1.0,1.23,0.08900000000000001,0.43,747.0,712.0,-0.8677357932916223
605,0.07813228177619672,0.145916667,8.0,12.4,2.28,0.057,0.41,45.0,12244.0,-0.029209073130164593
606,0.00026,0.0026,10.0,1.9,1.31,0.095,0.41,5161.0,22664.0,-0.17882734158597854
607,0.0002994649325543704,0.0131,5.0,5.9,1.48,0.1,0.39,2275.0,18136.0,-0.21048061986174435
608,0.0008860952628137282,0.0104,4.0,3.6,1.56,0.078,0.43,850.0,18843.0,-0.1944394531422127
609,0.2597968499687546,0.297,10.0,14.5,2.68,0.045,0.43,23.0,10152.0,-0.013355702992590408
610,0.0079441206966696,0.0104,4.0,3.6,1.56,0.078,0.43,117.0,18853.0,-0.006865055728015791
611,0.008824671020519448,0.0104,5.0,3.6,1.56,0.078,0.43,138.0,21154.0,-0.0029730537424519483
612,0.0002437030867571624,0.044208332999999995,9.0,7.5,1.89,0.065,0.41,4947.0,18684.0,-0.2944553822898871
613,0.006258512920447917,0.0104,6.0,3.6,1.56,0.078,0.43,237.0,22769.0,-0.019269872966298257
614,0.003809596171458447,0.0045,6.0,2.0,1.41,0.067,0.45,296.0,24616.5,-0.0010524671155787025
615,0.0015821148228667109,0.0026,4.0,1.9,1.31,0.095,0.41,270.0,16195.0,-0.003977956138640118
616,0.005530001482621535,0.0104,1.0,3.6,1.56,0.078,0.43,35.0,1640.0,-0.027093661809084794
617,0.0017330349828310284,0.044208332999999995,10.0,7.5,1.89,0.065,0.41,1215.0,19241.0,-0.16169773880420987
618,0.0022054173979721707,0.0025,4.0,1.6,1.37,0.034,0.46,273.0,21103.0,-0.00032238999508738935
619,0.0002,0.002,10.0,0.8,1.09,0.068,0.38,1855.0,7427.0,-0.01845589047859934
620,0.004351282745770122,0.145916667,2.0,12.4,2.28,0.057,0.41,104.0,7585.0,-0.10990162407496129
621,2e-05,0.0002,4.0,0.5,1.09,0.07,0.36,3041.0,4102.0,-0.029529424766234172
622,0.00026,0.0026,6.0,1.9,1.31,0.095,0.41,2648.0,20073.0,-0.1788273416307267
623,0.0005420780787409185,0.0007,1.0,1.0,1.23,0.08900000000000001,0.43,49.0,1545.0,-9.918848035666074e-05
624,0.0005845216367769559,0.0131,8.0,5.9,1.48,0.1,0.39,2254.0,20527.0,-0.15250240755188899
625,0.0002189615884756286,0.0007,3.0,1.0,1.23,0.08900000000000001,0.43,737.0,11518.0,-0.0285673700084534
626,8.197705352261274e-05,0.0104,2.0,3.6,1.56,0.078,0.43,2156.0,8142.0,-0.5515985102420182
627,0.0008347678521009806,0.0012,1.0,2.7,1.23,0.1,0.38,58.0,3788.0,-0.00015039163018934617
628,0.040088415920519135,0.145916667,1.0,12.4,2.28,0.057,0.41,20.0,4741.0,-0.04930233643450953
629,0.07458002944923056,0.297,10.0,14.5,2.68,0.045,0.43,55.0,10152.0,-0.05026758212881793
630,0.0008717813008400969,0.0045,6.0,2.0,1.41,0.067,0.45,1230.0,24612.0,-0.1316866442530979
631,0.2390313237046894,0.297,8.0,14.5,2.68,0.045,0.43,22.0,9502.0,-0.017607561201068937
632,0.016959570981475207,0.044208332999999995,3.0,7.5,1.89,0.065,0.41,61.0,12849.0,-0.046885801388995646
633,0.008459231941230832,0.0131,7.0,5.9,1.48,0.1,0.39,180.0,19925.0,-0.005709071103279657
634,0.23038428379951917,0.297,2.0,14.5,2.68,0.045,0.43,13.0,5964.0,-0.019244393717329403
635,0.0017007376254809029,0.0045,9.0,2.0,1.41,0.067,0.45,1101.0,28524.0,-0.04960251875016808
636,0.0055044553352080715,0.0131,2.0,5.9,1.48,0.1,0.39,67.0,10181.0,-0.019506625353679086
637,0.009931358912810011,0.297,9.0,14.5,2.68,0.045,0.43,192.0,9840.0,-0.0906432073816499
638,4.689958377389939e-05,0.0007,2.0,1.0,1.23,0.08900000000000001,0.43,1866.0,6140.0,-0.3196454841005057
639,1.4838458086786905e-06,0.0025,1.0,1.6,1.37,0.034,0.46,421.0,352.0,-0.9341372500821967
640,9.840956848711053e-05,0.002,8.0,0.8,1.09,0.068,0.38,2672.0,7409.0,-0.08031539706416162
641,4.098468238207467e-05,0.0045,1.0,2.0,1.41,0.067,0.45,693.0,959.0,-0.6875882522974002
642,0.0008787730948090448,0.0045,9.0,2.0,1.41,0.067,0.45,2037.0,28520.0,-0.13053959586264624
643,1.75152224864745e-06,0.0025,1.0,1.6,1.37,0.034,0.46,466.0,410.0,-0.9307415138691321
644,0.00011017816473102078,0.0045,2.0,2.0,1.41,0.067,0.45,1653.0,5705.0,-0.5529912506915474
645,0.13685809329501933,0.145916667,1.0,12.4,2.28,0.057,0.41,11.0,4741.0,-0.005383445930485854
646,0.0006197789120792104,0.145916667,9.0,12.4,2.28,0.057,0.41,1714.0,12645.0,-0.17446884784496963
647,0.0020016135176513677,0.0025,3.0,1.6,1.37,0.034,0.46,197.0,14577.0,-0.0014214407499744158
648,0.0009647053566712788,0.0025,6.0,1.6,1.37,0.034,0.46,1087.0,27890.0,-0.04587848734208655
649,0.003404237469018003,0.0131,2.0,5.9,1.48,0.1,0.39,103.0,10180.0,-0.04062769362490103
650,0.0009305822318302429,0.002,1.0,0.8,1.09,0.068,0.38,16.0,651.0,-3.6852187602251957e-06
651,0.00023042425196876051,0.0007,8.0,1.0,1.23,0.08900000000000001,0.43,3144.0,18930.0,-0.02467993209740458
652,1.2884483005989274e-05,0.044208332999999995,1.0,7.5,1.89,0.065,0.41,1657.0,2792.0,-0.6050423909857591
653,0.0018986161916943855,0.0045,5.0,2.0,1.41,0.067,0.45,462.0,22240.0,-0.03915486693123656
654,2.0189455407898583e-05,0.002,4.0,0.8,1.09,0.068,0.38,3780.0,5766.0,-0.514916263547457
655,0.010606670754258928,0.0131,3.0,5.9,1.48,0.1,0.39,58.0,14526.0,-0.0014033673071555926
656,1.720071140460591e-05,0.0007,1.0,1.0,1.23,0.08900000000000001,0.43,924.0,1346.0,-0.5483987558022694
657,0.0002,0.002,8.0,0.8,1.09,0.068,0.38,1331.0,7413.0,-0.018455890478599316
658,0.004813584554457682,0.0131,8.0,5.9,1.48,0.1,0.39,356.0,20538.0,-0.024903313522406365
659,0.00026,0.0026,4.0,1.9,1.31,0.095,0.41,1545.0,16178.0,-0.17882739072237278
660,9.145355382919821e-05,0.0104,3.0,3.6,1.56,0.078,0.43,3412.0,14920.0,-0.5304792431562424
661,0.0002,0.002,4.0,0.8,1.09,0.068,0.38,455.0,5956.0,-0.018455890478599322
662,0.009390792597929491,0.044208332999999995,2.0,7.5,1.89,0.065,0.41,67.0,9986.0,-0.07508715947890886
663,0.02934388599140521,0.044208332999999995,3.0,7.5,1.89,0.065,0.41,39.0,12849.0,-0.020026080253017164
664,0.0015297537691387698,0.297,9.0,14.5,2.68,0.045,0.43,708.0,9837.0,-0.13186438484815097
665,0.03478699657147825,0.044208332999999995,7.0,7.5,1.89,0.065,0.41,72.0,17480.0,-0.011443115547057642
666,0.017874416885372647,0.297,5.0,14.5,2.68,0.045,0.43,80.0,8222.0,-0.07892848771707876
667,9.720593317156737e-06,0.0026,1.0,1.9,1.31,0.095,0.41,854.0,972.0,-0.7882444632507996
668,0.27368274504629564,0.297,7.0,14.5,2.68,0.045,0.43,18.0,9127.0,-0.01005091969979282
669,4.628956674248645e-05,0.0104,1.0,3.6,1.56,0.078,0.43,866.0,1451.0,-0.6149955817344739
670,0.001472923991808436,0.0025,6.0,1.6,1.37,0.034,0.46,719.0,27891.0,-0.012116707590664688
671,0.00012,0.0012,5.0,2.7,1.23,0.1,0.38,3704.0,16484.0,-0.07832792161207512
672,0.1028034490296819,0.145916667,4.0,12.4,2.28,0.057,0.41,23.0,9923.0,-0.01922235413747003
673,0.006875951359549903,0.0104,10.0,3.6,1.56,0.078,0.43,389.0,26431.0,-0.013890621893108367
674,2e-05,0.0002,4.0,0.5,1.09,0.07,0.36,3041.0,4102.0,-0.029529424766234172
675,0.0034498345808501385,0.0045,1.0,2.0,1.41,0.067,0.45,30.0,1138.0,-0.0030992410809263533
676,0.030020881505258338,0.145916667,9.0,12.4,2.28,0.057,0.41,99.0,12656.0,-0.05723054978908097
677,0.000158347255171864,0.0007,8.0,1.0,1.23,0.08900000000000001,0.43,4556.0,18927.0,-0.06163187779971456
678,0.008076725581302647,0.0104,5.0,3.6,1.56,0.078,0.43,150.0,21154.0,-0.006174535450097647
679,0.0004845375779341519,0.0012,8.0,2.7,1.23,0.1,0.38,1773.0,16894.0,-0.004615282539085948
680,0.024096877526644727,0.044208332999999995,8.0,7.5,1.89,0.065,0.41,113.0,18145.0,-0.02982361596074539
681,0.0008751312738802816,0.0026,9.0,1.9,1.31,0.095,0.41,1437.0,22311.0,-0.032429218008344855
682,0.0009118485268317079,0.0104,8.0,3.6,1.56,0.078,0.43,1853.0,24947.0,-0.19123285674364934
683,0.1488699637610076,0.297,8.0,14.5,2.68,0.045,0.43,31.0,9502.0,-0.033782287926695756
684,0.004107760679496612,0.0104,3.0,3.6,1.56,0.078,0.43,157.0,15107.0,-0.04852886896682197
685,0.07740781867089727,0.145916667,10.0,12.4,2.28,0.057,0.41,54.0,13031.0,-0.02952119531588955
686,0.09820800313075019,0.297,6.0,14.5,2.68,0.045,0.43,33.0,8706.0,-0.04416021891588969
687,0.02990506032727585,0.044208332999999995,1.0,7.5,1.89,0.065,0.41,18.0,3223.0,-0.019074117895007795
688,0.00026,0.0026,3.0,1.9,1.31,0.095,0.41,1057.0,12078.0,-0.17882827059198786
689,0.0026757033346957583,0.0045,5.0,2.0,1.41,0.067,0.45,329.0,22240.0,-0.013721977995503294
690,0.00013481234530380323,0.145916667,9.0,12.4,2.28,0.057,0.41,5253.0,12611.0,-0.24067403504908594
691,0.0017519109930719348,0.0026,7.0,1.9,1.31,0.095,0.41,525.0,21101.0,-0.0020518836626014984
692,0.00021187457907555378,0.044208332999999995,6.0,7.5,1.89,0.065,0.41,3528.0,16653.0,-0.30598412286626764
693,0.0020542723219225513,0.044208332999999995,4.0,7.5,1.89,0.065,0.41,410.0,14545.0,-0.1521738101993978
694,0.000348063632110127,0.002,9.0,0.8,1.09,0.068,0.38,910.0,7428.0,-0.003106587240289785
695,0.03590538918777761,0.044208332999999995,2.0,7.5,1.89,0.065,0.41,24.0,9987.0,-0.009845524366322812
696,0.0011570856355040235,0.0026,6.0,1.9,1.31,0.095,0.41,641.0,20089.0,-0.015201041308244243
697,6.87238600081316e-05,0.0104,2.0,3.6,1.56,0.078,0.43,2388.0,8101.0,-0.5873847549981889
698,0.0014814902673593465,0.0025,4.0,1.6,1.37,0.034,0.46,404.0,21103.0,-0.01180461138978476
699,1.0779453221743902e-05,0.044208332999999995,1.0,7.5,1.89,0.065,0.41,1724.0,2732.0,-0.6277892290081748
700,0.027219231838603468,0.044208332999999995,2.0,7.5,1.89,0.065,0.41,30.0,9987.0,-0.02378549946539694
701,2e-05,0.0002,4.0,0.5,1.09,0.07,0.36,3041.0,4102.0,-0.029529424766234172
702,7.158113500624721e-05,0.0002,8.0,0.5,1.09,0.07,0.36,2668.0,4100.0,-7.952754994169174e-05
703,0.00038396686844242595,0.0007,2.0,1.0,1.23,0.08900000000000001,0.43,213.0,6240.0,-0.002831013055641902
704,0.0009558532695035663,0.0104,3.0,3.6,1.56,0.078,0.43,573.0,15098.0,-0.18600069880080713
705,0.00026,0.0026,5.0,1.9,1.31,0.095,0.41,2079.0,18567.0,-0.17882734323418983
706,0.00012,0.0012,1.0,2.7,1.23,0.1,0.38,414.0,3778.0,-0.0782882728513955
707,0.0004785946420858351,0.0025,9.0,1.6,1.37,0.034,0.46,3672.0,32013.0,-0.14186252517334164
708,9.840032771148198e-05,0.0104,1.0,3.6,1.56,0.078,0.43,673.0,1538.0,-0.4940759609520594
709,0.13931871265589202,0.145916667,1.0,12.4,2.28,0.057,0.41,10.0,4741.0,-0.004192542675220198
710,6.35963419487932e-05,0.0002,10.0,0.5,1.09,0.07,0.36,4269.0,4095.0,-0.0001979052492267427
711,7.171449249551704e-05,0.145916667,2.0,12.4,2.28,0.057,0.41,1653.0,7518.0,-0.27363250211780343
712,0.0007765456604897989,0.0045,7.0,2.0,1.41,0.067,0.45,1666.0,26293.0,-0.14870881542563444
713,0.0013091803851643206,0.0131,6.0,5.9,1.48,0.1,0.39,826.0,19157.0,-0.09476154177132723
714,0.0018487217974464407,0.0025,4.0,1.6,1.37,0.034,0.46,324.0,21103.0,-0.0030799469861659983
715,0.01275762702196275,0.145916667,4.0,12.4,2.28,0.057,0.41,90.0,9922.0,-0.0800601475193389
716,2e-05,0.0002,3.0,0.5,1.09,0.07,0.36,1853.0,3984.0,-0.029529425290049562
717,7e-05,0.0007,3.0,1.0,1.23,0.08900000000000001,0.43,2369.0,11473.0,-0.21153626356002914
718,3.1348998909652708e-06,0.0045,1.0,2.0,1.41,0.067,0.45,487.0,474.0,-0.9210163474802097
719,0.12532558293241255,0.297,5.0,14.5,2.68,0.045,0.43,26.0,8223.0,-0.03830607002054684
720,0.0023551382713908743,0.0045,4.0,2.0,1.41,0.067,0.45,276.0,18588.0,-0.021815260037757894
721,4.404446604357309e-05,0.0002,2.0,0.5,1.09,0.07,0.36,405.0,3254.0,-0.0017544354531957
722,0.00288659908137439,0.0104,7.0,3.6,1.56,0.078,0.43,585.0,23989.0,-0.077430130751168
723,0.00783214045738958,0.0104,10.0,3.6,1.56,0.078,0.43,342.0,26431.0,-0.00747801742234434
724,0.14586114708924472,0.297,4.0,14.5,2.68,0.045,0.43,21.0,7654.0,-0.03434092560328673
725,0.00017127193016748014,0.0104,5.0,3.6,1.56,0.078,0.43,4080.0,21062.0,-0.4183210962540759
726,0.006536377036323311,0.0131,8.0,5.9,1.48,0.1,0.39,267.0,20538.0,-0.013275475751937502
727,7.392396693971607e-05,0.0002,10.0,0.5,1.09,0.07,0.36,3668.0,4095.0,-6.0594929551711154e-05
728,4.742359375038432e-06,0.0002,1.0,0.5,1.09,0.07,0.36,864.0,1180.0,-0.324071178575147
729,0.001017487072015591,0.0025,3.0,1.6,1.37,0.034,0.46,389.0,14576.0,-0.04049908548171409
730,0.24708699672285536,0.297,8.0,14.5,2.68,0.045,0.43,21.0,9502.0,-0.016023534947600823
731,0.000578491347304396,0.145916667,4.0,12.4,2.28,0.057,0.41,791.0,9911.0,-0.17711122542243693
732,3.6867507941842746e-05,0.0002,7.0,0.5,1.09,0.07,0.36,4184.0,4103.0,-0.00393032845695316
733,0.0004995923814858606,0.0045,2.0,2.0,1.41,0.067,0.45,523.0,5836.0,-0.22045746856481047
734,0.000669309281702504,0.0012,4.0,2.7,1.23,0.1,0.38,517.0,15836.0,-0.0009436756909577699
735,0.00011930092131793399,0.002,8.0,0.8,1.09,0.068,0.38,2217.0,7411.0,-0.057300776026332614
736,2e-05,0.0002,3.0,0.5,1.09,0.07,0.36,1853.0,3984.0,-0.029529425290049562
737,0.0008582454061403751,0.002,1.0,0.8,1.09,0.068,0.38,18.0,651.0,-9.131117217712498e-06
738,0.021473998167475403,0.044208332999999995,10.0,7.5,1.89,0.065,0.41,155.0,19246.0,-0.035472170673211734
739,0.0017425266380602226,0.0025,9.0,1.6,1.37,0.034,0.46,1051.0,32023.0,-0.004805938578338577
740,0.11332352553466421,0.145916667,2.0,12.4,2.28,0.057,0.41,16.0,7588.0,-0.01513326862479417
741,0.0007814319141043313,0.0131,6.0,5.9,1.48,0.1,0.39,1272.0,19153.0,-0.13032155947004734
742,0.2662495475738716,0.297,8.0,14.5,2.68,0.045,0.43,20.0,9502.0,-0.011886979892869649
743,0.017647340137488903,0.297,1.0,14.5,2.68,0.045,0.43,31.0,4220.0,-0.07918039442663508
744,0.007453646461846321,0.0104,2.0,3.6,1.56,0.078,0.43,55.0,8337.0,-0.00975769797642048
745,0.263234356092107,0.297,10.0,14.5,2.68,0.045,0.43,23.0,10152.0,-0.012585288548137542
746,0.019349105458681168,0.297,5.0,14.5,2.68,0.045,0.43,76.0,8222.0,-0.0773682779806754
747,6.654743030706472e-05,0.297,6.0,14.5,2.68,0.045,0.43,4394.0,8645.0,-0.22719112398995978
748,0.0006584137503106029,0.0012,6.0,2.7,1.23,0.1,0.38,911.0,16779.0,-0.0010466964427326083
749,6.153238526678144e-05,0.0002,10.0,0.5,1.09,0.07,0.36,4414.0,4095.0,-0.00024973588008862086
750,0.0016798866436148118,0.0026,9.0,1.9,1.31,0.095,0.41,761.0,22311.0,-0.002751387524604696
751,0.0013254315610111314,0.0026,7.0,1.9,1.31,0.095,0.41,691.0,21101.0,-0.009295361306360632
752,0.010056136623518553,0.0104,1.0,3.6,1.56,0.078,0.43,21.0,1640.0,-0.000185600652001341
753,0.0029838249044130097,0.0045,7.0,2.0,1.41,0.067,0.45,460.0,26300.0,-0.008232587785979148
754,0.1438494773425569,0.145916667,3.0,12.4,2.28,0.057,0.41,14.0,8976.0,-0.0016878381024208946
755,0.002906289512989259,0.297,9.0,14.5,2.68,0.045,0.43,452.0,9838.0,-0.11681793372596709
756,0.003405958206843034,0.0045,10.0,2.0,1.41,0.067,0.45,635.0,29297.0,-0.003449576981308625
757,0.021946654328453784,0.145916667,2.0,12.4,2.28,0.057,0.41,39.0,7587.0,-0.06562198773858653
758,0.0003412532694043722,0.0104,7.0,3.6,1.56,0.078,0.43,3572.0,23951.0,-0.31381061245606473
759,0.0007492152289312949,0.0012,3.0,2.7,1.23,0.1,0.38,310.0,14387.0,-0.00041722278622904386
760,0.0006953972586963118,0.0104,9.0,3.6,1.56,0.078,0.43,2667.0,25740.0,-0.22237835215979573
761,0.042894927516738277,0.145916667,5.0,12.4,2.28,0.057,0.41,48.0,10657.0,-0.04740517261807515
762,0.09423533680266527,0.145916667,10.0,12.4,2.28,0.057,0.41,46.0,13031.0,-0.02258706059064222
763,0.013238149458441201,0.044208332999999995,8.0,7.5,1.89,0.065,0.41,188.0,18144.0,-0.058725089301110506
764,0.00025,0.0025,2.0,1.6,1.37,0.034,0.46,940.0,6761.0,-0.26617945590223613
765,0.00131,0.0131,6.0,5.9,1.48,0.1,0.39,825.0,19157.0,-0.09472121754195748
766,0.00015724762119446138,0.0025,5.0,1.6,1.37,0.034,0.46,4545.0,25158.0,-0.37483091025916226
767,0.008257199125045453,0.0104,8.0,3.6,1.56,0.078,0.43,252.0,24957.0,-0.005295306110292932
768,0.0014050357508889385,0.0045,8.0,2.0,1.41,0.067,0.45,1138.0,27553.0,-0.06998720583608414
769,0.14365163378111873,0.297,6.0,14.5,2.68,0.045,0.43,26.0,8706.0,-0.03475424637540261
770,0.0002,0.002,2.0,0.8,1.09,0.068,0.38,149.0,2468.0,-0.01845589055841032
771,0.0009368954800771115,0.0012,2.0,2.7,1.23,0.1,0.38,140.0,10910.0,-3.217985330942664e-05
772,0.00043379520886678856,0.0026,6.0,1.9,1.31,0.095,0.41,1650.0,20084.0,-0.1038944384081482
773,0.0001302982449541361,0.145916667,5.0,12.4,2.28,0.057,0.41,2916.0,10614.0,-0.24235955296220893
774,0.1171010867723864,0.297,9.0,14.5,2.68,0.045,0.43,38.0,9841.0,-0.039990452255761734
775,0.000367195829137683,0.0045,3.0,2.0,1.41,0.067,0.45,1121.0,12774.0,-0.2770489344188747
776,0.0027361611762398382,0.0104,8.0,3.6,1.56,0.078,0.43,717.0,24955.0,-0.08208041671003015
777,0.005786607381921766,0.0104,7.0,3.6,1.56,0.078,0.43,305.0,23990.0,-0.024139710936225408
778,0.0375845377298514,0.044208332999999995,5.0,7.5,1.89,0.065,0.41,49.0,15758.0,-0.007548001932269772
779,0.000490881032389986,0.0104,8.0,3.6,1.56,0.078,0.43,3109.0,24933.0,-0.2652537641115425
780,0.0002,0.002,7.0,0.8,1.09,0.068,0.38,1087.0,7345.0,-0.018455890478599333
781,0.0008622670298148682,0.0026,8.0,1.9,1.31,0.095,0.41,1248.0,21805.0,-0.033530836254525354
782,0.0007920097864293315,0.0026,4.0,1.9,1.31,0.095,0.41,528.0,16194.0,-0.04021001193353979
783,0.004999807585789552,0.0104,4.0,3.6,1.56,0.078,0.43,182.0,18853.0,-0.033994614106302626
784,0.0002,0.002,4.0,0.8,1.09,0.068,0.38,455.0,5956.0,-0.018455890478599322
785,0.0012633583329153862,0.002,1.0,0.8,1.09,0.068,0.38,16.0,651.0,-2.8500241185853787e-08
786,0.12031260723882285,0.297,7.0,14.5,2.68,0.045,0.43,32.0,9127.0,-0.039324814567150965
787,0.0004955374294258078,0.0104,7.0,3.6,1.56,0.078,0.43,2640.0,23967.0,-0.26404647370095996
788,0.0018100635743636653,0.0026,10.0,1.9,1.31,0.095,0.41,810.0,22680.0,-0.0015932043364976075
789,0.07295825336471479,0.297,7.0,14.5,2.68,0.045,0.43,44.0,9127.0,-0.05073913532329977
790,5.3583971944636935e-05,0.0104,1.0,3.6,1.56,0.078,0.43,833.0,1471.0,-0.5916502332068931
791,0.001139389750536527,0.145916667,5.0,12.4,2.28,0.057,0.41,608.0,10650.0,-0.1523326313825599
792,0.07142907040102242,0.145916667,4.0,12.4,2.28,0.057,0.41,29.0,9923.0,-0.03216116481341709
793,0.0006402206696450206,0.0012,7.0,2.7,1.23,0.1,0.38,1147.0,16878.0,-0.0012400795347591936
794,0.0009707221247841148,0.0026,7.0,1.9,1.31,0.095,0.41,936.0,21101.0,-0.025242456503193986
795,0.00013864361240294265,0.145916667,9.0,12.4,2.28,0.057,0.41,5145.0,12612.0,-0.23929475294850483
796,2.9150086337098366e-05,0.0045,2.0,2.0,1.41,0.067,0.45,3066.0,5233.0,-0.9713216922529117
797,0.010325272799538687,0.0131,5.0,5.9,1.48,0.1,0.39,104.0,18161.5,-0.0017767618412843518
798,0.008371733271597532,0.0131,6.0,5.9,1.48,0.1,0.39,154.0,19160.0,-0.0059649906936081205
799,0.007826150371021285,0.044208332999999995,9.0,7.5,1.89,0.065,0.41,325.0,18726.0,-0.08382511698207559
800,0.010446637177812065,0.0131,6.0,5.9,1.48,0.1,0.39,125.0,19159.5,-0.0016094851738737547
801,0.004913068351650423,0.044208332999999995,7.0,7.5,1.89,0.065,0.41,368.0,17478.0,-0.10657717195902043
802,0.02741312471267822,0.297,1.0,14.5,2.68,0.045,0.43,26.0,4220.0,-0.07052925627421196
803,0.0015977802731984823,0.0026,2.0,1.9,1.31,0.095,0.41,99.0,6211.0,-0.003757404534230086
804,0.0002569010869983788,0.0007,8.0,1.0,1.23,0.08900000000000001,0.43,2819.0,18930.0,-0.017527208655221664
805,0.04055115469030612,0.044208332999999995,1.0,7.5,1.89,0.065,0.41,15.0,3223.0,-0.0037992005448557924
806,0.0002650178679969123,0.297,9.0,14.5,2.68,0.045,0.43,2429.0,9823.0,-0.1798904379632703
807,0.0001502899561655649,0.0012,1.0,2.7,1.23,0.1,0.38,328.0,3782.0,-0.05947290906187003
808,4.585669797182403e-05,0.0026,1.0,1.9,1.31,0.095,0.41,714.0,1258.0,-0.5124573784599522
809,0.0024363877542295863,0.0045,7.0,2.0,1.41,0.067,0.45,561.0,26300.0,-0.019496553213029996
810,0.14745801258985808,0.297,5.0,14.5,2.68,0.045,0.43,24.0,8223.0,-0.03404385721552073
811,0.00045,0.0045,7.0,2.0,1.41,0.067,0.45,2719.0,26280.0,-0.2390928837620464
812,2e-05,0.0002,3.0,0.5,1.09,0.07,0.36,1853.0,3984.0,-0.029529425290049562
813,2e-05,0.0002,3.0,0.5,1.09,0.07,0.36,1853.0,3984.0,-0.029529425290049562
814,0.0018613423889280844,0.0026,9.0,1.9,1.31,0.095,0.41,688.0,22311.0,-0.0012569133975058736
815,0.00012396464490278396,0.0025,1.0,1.6,1.37,0.034,0.46,558.0,1326.0,-0.40270882911428085
816,0.00012,0.0012,4.0,2.7,1.23,0.1,0.38,2737.0,15825.0,-0.07832792161842718
817,8.93119522372414e-05,0.0007,6.0,1.0,1.23,0.08900000000000001,0.43,5200.0,18066.0,-0.15673586377560259
818,0.004825307702256675,0.0104,7.0,3.6,1.56,0.078,0.43,363.0,23990.0,-0.0365224325600295
819,0.001359058559399355,0.0026,5.0,1.9,1.31,0.095,0.41,427.0,18583.0,-0.008382054154230096
820,0.034572523011164674,0.044208332999999995,8.0,7.5,1.89,0.065,0.41,82.0,18145.0,-0.011755658153407506
821,0.003628723486485201,0.0131,8.0,5.9,1.48,0.1,0.39,462.0,20537.0,-0.03755420687513047
822,0.011637011838217673,0.297,10.0,14.5,2.68,0.045,0.43,190.0,10151.0,-0.08745009878463166
823,0.003314853932966423,0.044208332999999995,8.0,7.5,1.89,0.065,0.41,576.0,18142.0,-0.12655992046822856
824,0.032728700791208404,0.297,3.0,14.5,2.68,0.045,0.43,40.0,6942.0,-0.06704279751385521
825,0.002045337200833919,0.0026,5.0,1.9,1.31,0.095,0.41,286.0,18583.0,-0.00046487214836765515
826,0.0004252594305269487,0.0012,3.0,2.7,1.23,0.1,0.38,533.0,14387.0,-0.007282614747624755
827,0.05400947111316484,0.145916667,10.0,12.4,2.28,0.057,0.41,70.0,13030.0,-0.040766458068607375
828,5.033094183303351e-05,0.0002,2.0,0.5,1.09,0.07,0.36,355.0,3254.0,-0.0008716605336119689
829,0.0002,0.002,5.0,0.8,1.09,0.068,0.38,647.0,6755.0,-0.01845589047859932
830,0.02009024315340399,0.297,6.0,14.5,2.68,0.045,0.43,86.0,8705.0,-0.07662942068257195
831,0.00025,0.0025,3.0,1.6,1.37,0.034,0.46,1576.0,14539.0,-0.2663447310006825
832,0.007674083585495318,0.0131,6.0,5.9,1.48,0.1,0.39,167.0,19160.0,-0.00827974294929857
833,9.958951143950072e-05,0.0002,2.0,0.5,1.09,0.07,0.36,185.0,3254.0,-2.5087300760315266e-06
834,0.028403128906639128,0.145916667,2.0,12.4,2.28,0.057,0.41,34.0,7587.0,-0.05872476591841413
835,0.0011046677869243993,0.0045,6.0,2.0,1.41,0.067,0.45,984.0,24614.0,-0.09929260515208331
836,0.00045,0.0045,8.0,2.0,1.41,0.067,0.45,3217.0,27535.0,-0.23909288375400417
837,3.038099107379144e-05,0.0007,1.0,1.0,1.23,0.08900000000000001,0.43,770.0,1442.0,-0.4053795251357339
838,0.0005295533276232578,0.0012,4.0,2.7,1.23,0.1,0.38,645.0,15836.0,-0.00322162932140399
839,0.06150991888238564,0.145916667,4.0,12.4,2.28,0.057,0.41,32.0,9923.0,-0.036857546158349914
840,0.0009046164781301122,0.0026,4.0,1.9,1.31,0.095,0.41,464.0,16194.0,-0.030031724971828155
841,0.0004416166709290597,0.0012,6.0,2.7,1.23,0.1,0.38,1332.0,16779.0,-0.006431689321734307
842,0.022716709968731187,0.297,7.0,14.5,2.68,0.045,0.43,90.0,9126.0,-0.07421701638186619
843,0.0850271808968723,0.145916667,2.0,12.4,2.28,0.057,0.41,18.0,7587.0,-0.026308200063725577
844,0.0002298462383721846,0.297,9.0,14.5,2.68,0.045,0.43,2698.0,9821.0,-0.18433046232867997
845,0.0005042596669759876,0.0104,10.0,3.6,1.56,0.078,0.43,3940.0,26408.0,-0.26182206931824287
846,8.149358475797721e-06,0.0002,1.0,0.5,1.09,0.07,0.36,666.0,1278.0,-0.17163602408388817
847,0.002134512863071803,0.0025,5.0,1.6,1.37,0.034,0.46,387.0,25248.0,-0.0005898776077165865
848,0.000603091940281727,0.145916667,3.0,12.4,2.28,0.057,0.41,576.0,8964.0,-0.17551147454430344
849,1.949904419543744e-06,0.002,2.0,0.8,1.09,0.068,0.38,1085.0,656.0,-1.625771556939042
850,0.00610324992131697,0.0104,5.0,3.6,1.56,0.078,0.43,196.0,21154.0,-0.020794859720159382
851,0.0004018540761302897,0.0007,1.0,1.0,1.23,0.08900000000000001,0.43,64.0,1545.0,-0.0021061038848991204
852,0.00012,0.0012,3.0,2.7,1.23,0.1,0.38,1843.0,14376.0,-0.07832792387089625
853,0.0007866629652740467,0.0012,6.0,2.7,1.23,0.1,0.38,765.0,16779.5,-0.00027298311334734597
854,0.0002696067708775723,0.0007,8.0,1.0,1.23,0.08900000000000001,0.43,2686.0,18930.0,-0.014829513989087209
855,4.223219422892497e-05,0.0007,3.0,1.0,1.23,0.08900000000000001,0.43,3700.0,11375.0,-0.352779004655831
856,0.0005412760232422383,0.0012,4.0,2.7,1.23,0.1,0.38,632.0,15836.0,-0.0029269586836168835
857,0.0030846598264916065,0.0045,3.0,2.0,1.41,0.067,0.45,143.0,12802.0,-0.006833525935716666
858,0.02804262061452984,0.044208332999999995,4.0,7.5,1.89,0.065,0.41,52.0,14550.0,-0.022297926184955876
859,0.027156183282514176,0.044208332999999995,8.0,7.5,1.89,0.065,0.41,102.0,18145.0,-0.023901080172126447
860,0.00018874710073909823,0.0045,2.0,2.0,1.41,0.067,0.45,1153.0,5779.0,-0.4180521301176793
861,9.257756063700056e-05,0.297,9.0,14.5,2.68,0.045,0.43,5237.0,9794.0,-0.21498803406502248
862,0.0011568879581259387,0.044208332999999995,1.0,7.5,1.89,0.065,0.41,160.0,3214.0,-0.1853383790520169
863,0.025933698836605942,0.297,10.0,14.5,2.68,0.045,0.43,110.0,10151.0,-0.07161832740260848
864,0.00036320326809736374,0.0131,8.0,5.9,1.48,0.1,0.39,3365.0,20518.0,-0.19268598788609964
865,0.0005059328028876652,0.0012,4.0,2.7,1.23,0.1,0.38,672.0,15836.0,-0.0038968256619237953
866,0.00021474456583055947,0.0026,1.0,1.9,1.31,0.095,0.41,297.0,1363.0,-0.2077971548074623
867,0.02181411153428627,0.145916667,1.0,12.4,2.28,0.057,0.41,27.0,4740.0,-0.0657831875920601
868,0.0007638960456161413,0.0025,4.0,1.6,1.37,0.034,0.46,787.0,21101.0,-0.07287518290934639
869,0.0023736215229417136,0.0104,4.0,3.6,1.56,0.078,0.43,365.0,18851.0,-0.09473867861474095
870,0.0018909473996855453,0.0025,9.0,1.6,1.37,0.034,0.46,970.0,32023.0,-0.002533503086402508
871,0.0004377303495278655,0.0025,4.0,1.6,1.37,0.034,0.46,1366.0,21092.0,-0.15706901639226636
872,0.0002,0.002,7.0,0.8,1.09,0.068,0.38,1087.0,7345.0,-0.018455890478599333
873,7e-05,0.0007,5.0,1.0,1.23,0.08900000000000001,0.43,4993.0,16985.0,-0.21148611336054962
874,0.0003431293845725091,0.0007,10.0,1.0,1.23,0.08900000000000001,0.43,2905.0,19062.0,-0.00532129596133915
875,0.0020485637508101625,0.0026,5.0,1.9,1.31,0.095,0.41,286.0,18583.0,-0.0004556606147906503
876,0.008921473334283938,0.0104,6.0,3.6,1.56,0.078,0.43,169.0,22769.0,-0.0026425464662768686
877,0.0010434610638546168,0.0104,3.0,3.6,1.56,0.078,0.43,533.0,15100.0,-0.176405365018515
878,0.00012314795076479604,0.297,1.0,14.5,2.68,0.045,0.43,467.0,4190.0,-0.20491797255801877
879,0.006086821341048487,0.0104,3.0,3.6,1.56,0.078,0.43,107.0,15108.0,-0.020960535555293168
880,0.007726995145424704,0.0131,1.0,5.9,1.48,0.1,0.39,26.0,2735.0,-0.008086141100688815
881,0.024692808986859573,0.044208332999999995,7.0,7.5,1.89,0.065,0.41,97.0,17479.0,-0.028618558913339736
882,0.00017046892497855218,0.0025,2.0,1.6,1.37,0.034,0.46,1293.0,6729.0,-0.3541902026688599
883,4.37212372517359e-05,0.002,4.0,0.8,1.09,0.068,0.38,2014.0,5920.0,-0.24196140959573975
884,0.02235672921699414,0.044208332999999995,8.0,7.5,1.89,0.065,0.41,121.0,18144.0,-0.03350408680005945
885,8.190896478755584e-07,0.0045,1.0,2.0,1.41,0.067,0.45,210.0,127.0,-0.9440840946449178
886,0.030973166319105756,0.044208332999999995,10.0,7.5,1.89,0.065,0.41,112.0,19247.0,-0.01730847705896679
887,7.120072596387252e-05,0.0002,2.0,0.5,1.09,0.07,0.36,253.0,3254.0,-8.309968584898072e-05
888,0.00015254972786263925,0.0025,5.0,1.6,1.37,0.034,0.46,4661.0,25154.0,-0.3825205264374554
889,0.00044532327404606136,0.0104,9.0,3.6,1.56,0.078,0.43,3864.0,25727.0,-0.2778628301466769
890,0.00022949264384982041,0.0012,8.0,2.7,1.23,0.1,0.38,3721.0,16892.0,-0.03134403261201587
891,0.00012,0.0012,1.0,2.7,1.23,0.1,0.38,414.0,3778.0,-0.0782882728513955
892,9.083402629439547e-05,0.0012,2.0,2.7,1.23,0.1,0.38,1370.0,10889.0,-0.10538612757866951
893,8.21357415176738e-05,0.0007,1.0,1.0,1.23,0.08900000000000001,0.43,399.0,1526.0,-0.1698026092457589
894,0.0022564864530594145,0.0025,1.0,1.6,1.37,0.034,0.46,35.0,1387.0,-0.0001898434097158887
895,0.0001419157481477366,0.145916667,6.0,12.4,2.28,0.057,0.41,3317.0,11223.0,-0.23815179146505283
896,4.436348613340866e-05,0.0002,5.0,0.5,1.09,0.07,0.36,1997.0,4111.0,-0.0016930982937245363
897,0.0006449659278651586,0.0045,8.0,2.0,1.41,0.067,0.45,2335.0,27545.0,-0.17760628888898294
898,0.003625405469777188,0.0045,6.0,2.0,1.41,0.067,0.45,310.0,24617.0,-0.001928206897986297
899,0.00026238556207278417,0.297,8.0,14.5,2.68,0.045,0.43,2176.0,9484.0,-0.1801987403756748
900,0.001567146216086153,0.0025,10.0,1.6,1.37,0.034,0.46,1341.0,32775.0,-0.009001161955414717
901,0.00042611682974764704,0.0045,5.0,2.0,1.41,0.067,0.45,1863.0,22218.0,-0.24904008490783597
902,0.00038022019969549106,0.0007,2.0,1.0,1.23,0.08900000000000001,0.43,215.0,6240.0,-0.003007037329005329
903,0.0051804047582416695,0.0131,5.0,5.9,1.48,0.1,0.39,196.0,18162.0,-0.021894662427955805
904,0.03163953727975822,0.044208332999999995,6.0,7.5,1.89,0.065,0.41,68.0,16701.0,-0.016235149165273938
905,0.001963309116475057,0.0026,7.0,1.9,1.31,0.095,0.41,470.0,21101.0,-0.0007480883775373648
906,0.13419268931413048,0.297,8.0,14.5,2.68,0.045,0.43,33.0,9502.0,-0.03655726824672983
907,0.0018619080258436846,0.0045,4.0,2.0,1.41,0.067,0.45,350.0,18588.0,-0.04093417253263674
908,0.0022258065650369247,0.145916667,9.0,12.4,2.28,0.057,0.41,665.0,12652.0,-0.13019123371774688
909,5.8410939123055076e-05,0.0002,3.0,0.5,1.09,0.07,0.36,631.0,3987.0,-0.0003544058419243164
910,0.00014248818107942117,0.0026,2.0,1.9,1.31,0.095,0.41,1067.0,6163.0,-0.2903925096181753
911,0.00978468162196126,0.0131,3.0,5.9,1.48,0.1,0.39,63.0,14526.0,-0.0026424748469440853
912,0.0016252541445437407,0.0104,5.0,3.6,1.56,0.078,0.43,662.0,21150.0,-0.1305738118037225
913,0.27989879945795265,0.297,10.0,14.5,2.68,0.045,0.43,21.0,10152.0,-0.008339953064405738
914,0.0001106507723998913,0.0026,2.0,1.9,1.31,0.095,0.41,1303.0,6139.0,-0.34522332649723053
915,0.0007265992988466239,0.0131,9.0,5.9,1.48,0.1,0.39,2149.0,21039.0,-0.13572475507606174
916,8.66308148285918e-05,0.044208332999999995,4.0,7.5,1.89,0.065,0.41,4282.0,14434.0,-0.38820673454743776
917,0.003275317736109008,0.0045,9.0,2.0,1.41,0.067,0.45,578.0,28525.0,-0.004643389429701654
918,2.8576093808004535e-05,0.0002,2.0,0.5,1.09,0.07,0.36,628.0,3253.0,-0.010254735234825963
919,0.003689349144662995,0.0045,9.0,2.0,1.41,0.067,0.45,515.0,28525.0,-0.0015861994603830368
920,0.01018902234722426,0.0104,3.0,3.6,1.56,0.078,0.43,66.5,15108.0,-7.713250231542659e-05
921,2.7055749841608595e-06,0.0104,1.0,3.6,1.56,0.078,0.43,736.0,720.0,-0.9097837138317117
922,0.00032739007399297765,0.145916667,4.0,12.4,2.28,0.057,0.41,1182.0,9904.0,-0.20010668634537215
923,8.884172302378463e-05,0.145916667,4.0,12.4,2.28,0.057,0.41,3033.0,9862.0,-0.2620306218411349
924,0.03072968544238997,0.044208332999999995,5.0,7.5,1.89,0.065,0.41,59.0,15758.0,-0.017706055585683222
925,7e-05,0.0007,4.0,1.0,1.23,0.08900000000000001,0.43,3601.0,15042.0,-0.21149276806767975
926,0.0016933700742449748,0.0104,8.0,3.6,1.56,0.078,0.43,1100.0,24953.0,-0.1265430374198291
927,0.03579990872116147,0.044208332999999995,10.0,7.5,1.89,0.065,0.41,98.0,19247.0,-0.009993901848466383
928,0.013400749348931176,0.145916667,3.0,12.4,2.28,0.057,0.41,70.0,8975.0,-0.07874514939669258
929,1.9530619390937416e-05,0.002,3.0,0.8,1.09,0.068,0.38,2446.0,4321.0,-0.5307219627903708
930,0.0003331412417447024,0.0012,5.0,2.7,1.23,0.1,0.38,1382.0,16495.0,-0.014457144551333378
931,0.010344838770751156,0.0131,1.0,5.9,1.48,0.1,0.39,21.0,2735.0,-0.0017491447749351451
932,0.0033916372103365844,0.0131,8.0,5.9,1.48,0.1,0.39,491.0,20537.0,-0.040808431773787984
933,0.03866503576839295,0.145916667,7.0,12.4,2.28,0.057,0.41,67.0,11785.0,-0.05030821793713857
934,6.938728533179899e-05,0.0012,3.0,2.7,1.23,0.1,0.38,3038.0,14350.0,-0.13556276772744602
935,0.0005953841960418978,0.0007,1.0,1.0,1.23,0.08900000000000001,0.43,46.0,1545.0,-1.5028220232893258e-05
936,0.09407083770965743,0.145916667,10.0,12.4,2.28,0.057,0.41,46.0,13031.0,-0.02265238555869035
937,0.00025,0.0025,1.0,1.6,1.37,0.034,0.46,357.0,1364.0,-0.25693734318694766
938,0.0016138180382000607,0.044208332999999995,4.0,7.5,1.89,0.065,0.41,494.0,14544.0,-0.1657629108365961
939,0.0022094164877239602,0.0045,2.0,2.0,1.41,0.067,0.45,114.0,5852.0,-0.02649643987121183
940,0.00011166693835120255,0.145916667,2.0,12.4,2.28,0.057,0.41,1227.0,7540.0,-0.2501246361287296
941,0.00021572946587881971,0.0007,5.0,1.0,1.23,0.08900000000000001,0.43,1667.0,17032.0,-0.029765901614155345
942,7e-05,0.0007,3.0,1.0,1.23,0.08900000000000001,0.43,2369.0,11473.0,-0.21153626356002914
943,0.006138504878545035,0.0104,2.0,3.6,1.56,0.078,0.43,66.0,8337.0,-0.020442143288615475
944,0.0002981879598855119,0.0007,4.0,1.0,1.23,0.08900000000000001,0.43,850.0,15090.0,-0.010089343516564542
945,0.0002,0.002,3.0,0.8,1.09,0.068,0.38,287.0,4505.0,-0.018455890478611618
946,0.04396653029763888,0.145916667,1.0,12.4,2.28,0.057,0.41,20.0,4741.0,-0.04670818010377011
947,0.00045,0.0045,7.0,2.0,1.41,0.067,0.45,2719.0,26280.0,-0.2390928837620464
948,0.0028048022914354655,0.044208332999999995,6.0,7.5,1.89,0.065,0.41,489.0,16698.0,-0.13532092056379127
949,0.0013501132998079944,0.0045,7.0,2.0,1.41,0.067,0.45,997.0,26298.0,-0.07457762588277828
950,0.0004414792938362543,0.044208332999999995,4.0,7.5,1.89,0.065,0.41,1303.0,14527.0,-0.24897950652625073
951,0.0009898974349413588,0.145916667,4.0,12.4,2.28,0.057,0.41,540.0,9915.0,-0.15726310702577556
952,0.035943635891990094,0.044208332999999995,3.0,7.5,1.89,0.065,0.41,33.0,12849.0,-0.009791841428988344
953,7.672604703912994e-05,0.002,10.0,0.8,1.09,0.068,0.38,4725.0,7419.0,-0.11818985749410407
954,0.18703822362055594,0.297,9.0,14.5,2.68,0.045,0.43,28.0,9841.0,-0.026969621064998176
955,0.00161998743566838,0.0026,4.0,1.9,1.31,0.095,0.41,264.0,16195.0,-0.003461155704660318
956,0.00024332354563854497,0.044208332999999995,9.0,7.5,1.89,0.065,0.41,4952.0,18684.0,-0.2945819581400467
957,0.10495991750340579,0.145916667,9.0,12.4,2.28,0.057,0.41,39.0,12656.0,-0.01838341860757124
958,0.003982955848286257,0.0131,2.0,5.9,1.48,0.1,0.39,89.0,10181.0,-0.03320744845431402
959,2e-05,0.0002,3.0,0.5,1.09,0.07,0.36,1853.0,3984.0,-0.029529425290049562
960,0.11735072099531892,0.145916667,2.0,12.4,2.28,0.057,0.41,15.0,7588.0,-0.013557213560068717
961,5.994272639892986e-05,0.0104,2.0,3.6,1.56,0.078,0.43,2577.0,8065.0,-0.6162538150615172
962,0.0011853466063837372,0.0104,4.0,3.6,1.56,0.078,0.43,668.0,18846.0,-0.16277259036506292
963,0.004435670868643691,0.145916667,7.0,12.4,2.28,0.057,0.41,314.0,11783.0,-0.10934333646517182
964,0.03845966608200938,0.044208332999999995,9.0,7.5,1.89,0.065,0.41,83.0,18727.0,-0.0063993964724696276
965,0.0002,0.002,10.0,0.8,1.09,0.068,0.38,1855.0,7427.0,-0.01845589047859934
966,0.00014142521884913785,0.002,8.0,0.8,1.09,0.068,0.38,1875.0,7412.0,-0.04109957181770708
967,7e-05,0.0007,4.0,1.0,1.23,0.08900000000000001,0.43,3601.0,15042.0,-0.21149276806767975
968,0.00934402359025672,0.0131,4.0,5.9,1.48,0.1,0.39,89.0,16752.0,-0.0035039375003254078
969,0.0011950823067200405,0.297,3.0,14.5,2.68,0.045,0.43,298.0,6937.0,-0.13796993544335764
970,0.00038738823513392656,0.044208332999999995,9.0,7.5,1.89,0.065,0.41,3456.0,18701.0,-0.2585282934457268
971,0.00014404833185864937,0.145916667,6.0,12.4,2.28,0.057,0.41,3281.0,11224.0,-0.23742343093883533
972,0.042423818685729676,0.044208332999999995,9.0,7.5,1.89,0.065,0.41,76.0,18727.0,-0.0016779550522844017
973,0.0004149440769415453,0.0012,3.0,2.7,1.23,0.1,0.38,547.0,14387.0,-0.007872108126026333
974,0.09978053679333718,0.297,1.0,14.5,2.68,0.045,0.43,16.0,4221.0,-0.04379378467466598
975,0.00040489678303387555,0.0045,8.0,2.0,1.41,0.067,0.45,3527.0,27530.0,-0.2585105241014075
976,0.015747853388104673,0.044208332999999995,7.0,7.5,1.89,0.065,0.41,143.0,17479.0,-0.05043891868481549
977,5.397118462715689e-06,0.0026,1.0,1.9,1.31,0.095,0.41,777.0,814.0,-0.8521534279571028
978,0.0016321958778714694,0.0026,5.0,1.9,1.31,0.095,0.41,357.0,18583.0,-0.0033061903379812065
979,0.041440244636702074,0.145916667,6.0,12.4,2.28,0.057,0.41,56.0,11264.0,-0.04837497406939972
980,0.0003556086010476681,0.0007,10.0,1.0,1.23,0.08900000000000001,0.43,2803.0,19062.0,-0.004413467798004521
981,0.16888270960134483,0.297,10.0,14.5,2.68,0.045,0.43,32.0,10152.0,-0.030163947303990052
982,0.00675729244355057,0.0104,4.0,3.6,1.56,0.078,0.43,137.0,18853.0,-0.014843573872772485
983,0.046555025170109066,0.145916667,4.0,12.4,2.28,0.057,0.41,39.0,9923.0,-0.04508072164471288
984,0.0002,0.002,7.0,0.8,1.09,0.068,0.38,1087.0,7345.0,-0.018455890478599333
985,0.0011137353251228482,0.0045,6.0,2.0,1.41,0.067,0.45,977.0,24614.0,-0.09823492760408072
986,0.00012,0.0012,2.0,2.7,1.23,0.1,0.38,1052.0,10899.0,-0.07832835101717454
987,0.006929395513307963,0.0104,4.0,3.6,1.56,0.078,0.43,134.0,18853.0,-0.013473381974927968
988,0.0021452879301508405,0.0045,2.0,2.0,1.41,0.067,0.45,117.0,5852.0,-0.02878940708491868
989,0.000771861002170119,0.0026,9.0,1.9,1.31,0.095,0.41,1613.0,22310.0,-0.042353912389162134
990,1.3975061770188313e-05,0.002,2.0,0.8,1.09,0.068,0.38,1452.0,2236.0,-0.6722055041594551
991,0.017384999220988736,0.044208332999999995,10.0,7.5,1.89,0.065,0.41,186.0,19246.0,-0.04569549417764987
992,0.0029533324340555874,0.145916667,5.0,12.4,2.28,0.057,0.41,306.0,10654.0,-0.12142861469208678
993,0.035002843647642744,0.145916667,1.0,12.4,2.28,0.057,0.41,21.0,4740.0,-0.05305255891536849
994,0.0006753600517591203,0.0026,7.0,1.9,1.31,0.095,0.41,1320.0,21100.0,-0.0543320374087854
995,0.13486758812432886,0.145916667,9.0,12.4,2.28,0.057,0.41,32.0,12656.0,-0.006301044619213954
996,2e-05,0.0002,4.0,0.5,1.09,0.07,0.36,3041.0,4102.0,-0.029529424766234172
997,0.078301796573012,0.145916667,6.0,12.4,2.28,0.057,0.41,36.0,11264.0,-0.02913626116441328
998,0.15942310947045035,0.297,5.0,14.5,2.68,0.045,0.43,22.0,8223.0,-0.03185606542513231
999,0.0021362626092340255,0.0045,10.0,2.0,1.41,0.067,0.45,1006.0,29297.0,-0.029124367429391555
